sample-id,iguana-id,unique-id,sample-type,species,site,sex,tourism-level,visited,year,date,month,repro_month,repro_score,svl,tail,mass,glucose,progesterone,testosterone,e2,corticosterone,bacterial-killing-ability,glycerol,true-triglycerides,droms,antioxidants-index
S140,196B,196BUC,sample,inornata,UC,M,moderate,visited,2016,6/26/2016,june,late,M,33.1,41.6,1290,135,,0.074,,9.125,12.97518065,17.9132621,59.16771321,2.669646182,300.5905512
S139,45/0B,45/0BUC,sample,inornata,UC,M,moderate,visited,2016,6/26/2016,june,late,M,17.5,23,235,153,,0.081,,12.436,9.959158027,20.27027027,63.87715493,2.657728119,296.4566929
S138,142A,142AUC,sample,inornata,UC,F,moderate,visited,2016,6/26/2016,june,late,NRF,36.4,41.6,1285,139,0.738,1.122,,21.974,54.25699026,12.25644249,38.87430072,2.621973929,303.5433071
S137,95C,95CUC,sample,inornata,UC,M,moderate,visited,2016,6/26/2016,june,late,M,20.2,27.5,350,148,,0.079,,11.474,23.15425699,45.96165933,87.38155041,6.22122905,304.1338583
S136,32B,32BFR,sample,inornata,FRRC,F,no,non-visited,2016,6/24/2016,june,late,NRF,25.2,32.7,655,153,1.061,0.518,1.571,32.143,16.34026928,17.80286583,41.14240778,2.08566108,302.9527559
L9,30,30LC,sample,figginsi,LC,F,high,visited,2016,6/22/2016,june,late,NRF,25,35.2,630,,0.709,0.494,2.301,9.069,16.6969147,39.78555305,78.04137505,7.581801963,276
L7,36,36LC,sample,figginsi,LC,F,high,visited,2016,6/22/2016,june,late,NA,37.3,47.3,1570,103,,,,,14.09558379,,,,
L6,39,39LC,sample,figginsi,LC,M,high,visited,2016,6/22/2016,june,late,M,38.5,51.2,2170,154,,1.514,,1.256,37.44706594,93.32674944,90.31494442,12.06922391,300
L5,32,32LC,sample,figginsi,LC,M,high,visited,2016,6/22/2016,june,late,M,29,42,1085,188,,1.172,,5.238,28.85662432,75.55022573,48.4767394,9.13470116,300
L36/L30,,NA,sample,figginsi,LC,M,high,visited,2016,6/22/2016,june,late,M,,,,,,,,4.297,,,,,301.2
L35,59,59LC,sample,figginsi,LC,F,high,visited,2016,6/22/2016,june,late,NA,31.8,42.8,1210,153,0.925,0.594,1.45,1.955,10.64871481,32.2236449,63.65520099,2.728991971,320.4
L34,41,41LC,sample,figginsi,LC,M,high,visited,2016,6/22/2016,june,late,M,31.1,41,1160,168,,14.45,,8.516,48.47001224,124.1997439,116.949855,12.69723461,313.2
L31,65,65LC,sample,figginsi,LC,M,high,visited,2016,6/22/2016,june,late,M,43.5,59,3360,166,,7.441,,6.022,30.96695226,75.75757576,57.19021964,9.774130241,279.6
L30,,NA,sample,figginsi,LC,M,high,visited,2016,6/22/2016,june,late,M,,,,,,0.476,,,,147.4605207,115.8723581,,
L3,35,35LC,sample,figginsi,LC,M,high,visited,2016,6/22/2016,june,late,M,44.5,53.3,3740,192,,3.317,,1.671,23.29098609,46.13431151,55.84860025,5.160521415,318
L29,,NA,sample,figginsi,LC,M,high,visited,2016,6/22/2016,june,late,M,,,,,,0.089,,2.76,,78.1049936,38.58267717,,266.4
L28,77,77LC,sample,figginsi,LC,F,high,visited,2016,6/22/2016,june,late,NRF,28.5,41,935,204,1.261,,0.62,24.25,56.80580762,291.9334187,219.5607128,19.54826048,304.8
L27,31,31LC,sample,figginsi,LC,M,high,visited,2016,6/22/2016,june,late,M,36.2,49.8,1910,150,,0.076,,3.526,49.00181488,74.05036278,57.48031496,10.79036574,318
L26,76,76LC,sample,figginsi,LC,M,high,visited,2016,6/22/2016,june,late,M,30.1,41.7,1255,161,,0.076,,2.396,25.95281307,55.05761844,98.34231247,6.33719893,315.6
L25,75,75LC,sample,figginsi,LC,M,high,visited,2016,6/22/2016,june,late,M,29.8,41.4,1070,147,,7.094,,9.987,14.88203267,42.68032437,70.24450891,5.572167707,320.4
L24,74,74LC,sample,figginsi,LC,F,high,visited,2016,6/22/2016,june,late,NRF,32.5,42.9,1250,160,0.954,0.18,0.736,5.803,34.18027828,70.63593683,74.01574803,8.038537021,314.4
L23,44,44LC,sample,figginsi,LC,M,high,visited,2016,6/22/2016,june,late,M,32.2,46.5,1430,172,,0.077,,6.274,25.892317,33.93085787,70.6174886,9.340231936,278.4
L22,73,73LC,sample,figginsi,LC,F,high,visited,2016,6/22/2016,june,late,NRF,23.5,36,550,159,0.954,0.387,0.427,7.41,26.86025408,47.37516005,48.77745545,5.366636931,302.4
L20,72,72LC,sample,figginsi,LC,F,high,visited,2016,6/22/2016,june,late,NRF,24.2,37.7,690,176,0.075,0.26,0.274,7.143,17.54385965,67.93171558,69.85899547,9.739875112,301.2
L19,71,71LC,sample,figginsi,LC,M,high,visited,2016,6/22/2016,june,late,M,29.5,43.3,1180,158,,0.084,,3.956,42.04476709,413.8795987,227.3848684,,
L17,70,70LC,sample,figginsi,LC,M,high,visited,2016,6/22/2016,june,late,M,30.1,43.5,1170,151,,0.073,,2.276,33.33333333,17.56489842,52.18196789,5.012667261,321.6
L16,69,69LC,sample,figginsi,LC,M,high,visited,2016,6/22/2016,june,late,M,31.2,44.6,1220,172,,0.102,,,30.30852995,73.43397291,64.88009469,8.129884032,319.2
L15,68,68LC,sample,figginsi,LC,F,high,visited,2016,6/22/2016,june,late,NRF,30.7,45.7,1075,148,1.209,0.305,0.458,,47.06594071,451.0869565,57.27208647,,297.84689
L13,58,58LC,sample,figginsi,LC,M,high,visited,2016,6/22/2016,june,late,M,42.9,53.8,2980,145,,1.136,,4.369,59.16515426,83.80361174,88.57811857,10.75611062,318
L12,67,67LC,sample,figginsi,LC,M,high,visited,2016,6/22/2016,june,late,M,33,44,1520,149,,0.919,,,49.54627949,103.6963883,138.9074722,13.67921499,312
L11,EL1,EL1LC,sample,figginsi,LC,M,high,visited,2016,6/22/2016,june,late,M,35,47,2040,154,,11.568,,18.39,42.7707199,95.01975169,142.9214697,7.581801963,320.4
G5,11B,11BFRRC,sample,inornata,FRRC,F,no,non-visited,2016,6/25/2016,june,late,NRF,22.5,29.3,415,147,0.875,0.45,0.811,28.028,6.817467798,22.79635258,28.02402059,2.061824953,319.2
G4,103A,103AFRRC,sample,inornata,FRRC,M,no,non-visited,2016,6/25/2016,june,late,M,26.6,35.5,705,160,,0.079,,44.306,5.120955074,41.46765089,30.91935945,1.489757914,320.4
G3,114A,114AFRRC,sample,inornata,FRRC,M,no,non-visited,2016,6/25/2016,june,late,M,20.5,26.5,370,126,,0.089,,33.333,6.817467798,8.250108554,22.94824135,2.395530726,318
G2,170A,170AFRRC,sample,inornata,FRRC,M,no,non-visited,2016,6/25/2016,june,late,M,25.7,33.7,595,102,,0.082,,50.548,3.235940936,22.79635258,28.73891907,3.408566108,308.4
G1,104A,104AFRRC,sample,inornata,FRRC,M,no,non-visited,2016,6/25/2016,june,late,M,,,,153,,0.085,,79.525,11.71850456,,0,,
F99T5,82A,82AFRRC,sample,inornata,FRRC,F,no,non-visited,2016,9/10/2016,september,post,Post,22,29.2,420,154,0.606,1.376,0.668,17.721,3.47107438,0,27.67619681,0.833367243,292.1052632
F98,81A,81AFRRC,sample,inornata,FRRC,M,no,non-visited,2016,9/10/2016,september,post,M,20.5,27.8,410,132,,0.739,,23.442,0,0,36.61070479,1.028687691,309.6
F97,74A,74AFRRC,sample,inornata,FRRC,M,no,non-visited,2016,9/10/2016,september,post,M,25.5,33.3,760,128,,0.48,,22.392,5.785123967,13.80952381,21.15192819,0.859409969,308.4
F96,35A,35AFRRC,sample,inornata,FRRC,M,no,non-visited,2016,9/10/2016,september,post,M,45.1,53.7,3970,114,,1.679,,5.989,16.85950413,79.52380952,51.73703457,2.395930824,303.6
F95,28B,28BFRRC,sample,inornata,FRRC,M,no,non-visited,2016,9/10/2016,september,post,M,38.3,48.7,2475,205,,1.311,,4.256,2.479338843,16.9047619,20.23769947,0.585961343,326.4
F94,16A,16AFRRC,sample,inornata,FRRC,F,no,non-visited,2016,9/10/2016,september,post,Post,31,41,1235,135,0.055,0.647,0.548,3.055,4.297520661,24.52380952,48.9943484,1.484435402,301.4354067
F93T1,72A,72AFRRC,sample,inornata,FRRC,F,no,non-visited,2016,9/9/2016,september,post,Post,26.3,34.9,850,129,1.746,0.955,0.791,97.988,2.975206612,9.761904762,36.02892287,0.559918616,290.6698565
F92T2,32A,32AFRRC,sample,inornata,FRRC,M,no,non-visited,2016,9/9/2016,september,post,M,34.8,44.7,1695,123,,1.939,,,2.975206612,15.71428571,17.7443484,0.625025432,308.4
F91T3,77A,77AFRRC,sample,inornata,FRRC,F,no,non-visited,2016,9/9/2016,september,post,Post,19.1,24.8,270,117,0.663,,,40.976,4.132231405,25.95238095,24.10239362,3.593896236,
F90T4,98A,98AFRRC,sample,inornata,FRRC,F,no,non-visited,2016,9/9/2016,september,post,Post,19.6,23.5,340,142,0.089,1.522,0.302,31.116,0,3.095238095,4.737367021,0.625025432,300
F9,104,104WBC,sample,figginsi,WBC,M,moderate,visited,2016,6/20/2016,june,late,M,31.2,41.6,1320,114,,1.476,,4.793,38.38451268,36.9974337,56.19552861,5.496620278,315.9090909
F89,31A,31AFRRC,sample,inornata,FRRC,M,no,non-visited,2016,9/9/2016,september,post,M,38.8,47.7,2280,118,,0.392,,14.114,8.760330579,23.33333333,33.61868351,2.578229908,312
F88,38A,38AFRRC,sample,inornata,FRRC,M,no,non-visited,2016,9/9/2016,september,post,M,44,52.3,3580,107,,2.27,,27.574,13.2231405,0,27.84242021,4.5965412,309.6
F87,54A,54AFRRC,sample,inornata,FRRC,M,no,non-visited,2016,9/9/2016,september,post,M,42.1,53.1,2735,125,,3.093,,38.805,6.611570248,4.523809524,39.89361702,1.054730417,345.2192982
F86,33A,33AFRRC,sample,inornata,FRRC,F,no,non-visited,2016,9/9/2016,september,post,Post,34.1,46.7,1480,121,0.725,1.079,0.449,28.283,4.462809917,6.19047619,17.53656915,0.651068159,356.4035088
F85,159A,159AFRRC,sample,inornata,FRRC,M,no,non-visited,2016,9/9/2016,september,post,M,31.3,40.8,1350,105,,1.204,,26.114,3.140495868,19.76190476,19.07413564,1.250050865,338.5087719
F84,152A,152AFRRC,sample,inornata,FRRC,M,no,non-visited,2016,9/9/2016,september,post,M,26.5,35.2,805,115,,0.644,,15.96,4.132231405,23.2967033,14.86358619,2.044354018,292.2807018
F83,165,165WBC,sample,figginsi,WBC,F,moderate,visited,2016,9/7/2016,september,post,Post,27.2,35.5,700,140,0.21,0.544,1.384,,5.120955074,10.15801354,49.86620008,0.72040201,299.2822967
F82,164,164WBC,sample,figginsi,WBC,F,moderate,visited,2016,9/7/2016,september,post,Post,23.5,35.4,535,134,0.705,3.087,1.18,21.073,6.817467798,9.311512415,50.67671881,2.598592965,302.8708134
F81,114,114WBC,sample,figginsi,WBC,M,moderate,visited,2016,9/7/2016,september,post,M,32.5,19.7/29.2,1275,120,,8.86,,8.062,3.235940936,5.290632054,60.36434747,2.096884422,307.5208914
F80,85,85LC,sample,figginsi,LC,F,high,visited,2016,9/6/2016,september,post,Post,28.6,41.8,920,143,0.708,1.036,0.841,2.896,24.98113208,,,9.564687336,301.4354067
F8,51,51WBC,sample,figginsi,WBC,F,moderate,visited,2016,6/20/2016,june,late,NA,26.5,36.7,650,161,1.483,0.18,0.05,113.294,14.15220294,9.195893926,24.36528988,1.832206759,306.8181818
F79,92,92LC,sample,figginsi,LC,F,high,visited,2016,9/6/2016,september,post,Post,31,22.3/32.0,1265,129,0.056,1.294,1.713,9.245,30.11320755,121.257485,105.2292535,12.48386758,292.1052632
F78,95,95LC,sample,figginsi,LC,F,high,visited,2016,9/6/2016,september,post,Post,26.3,41.3,850,139,0.648,1.806,1.01,5.253,13.35849057,42.10028382,70.43942442,5.986337362,298.5645933
F77,90,90LC,sample,figginsi,LC,F,high,visited,2016,9/6/2016,september,post,Post,30.1,41.2,1185,145,0.41,0.424,2.112,7.451,72.52830189,101.7029328,96.24013616,9.753021545,294.2583732
F76,89,89LC,sample,figginsi,LC,F,high,visited,2016,9/6/2016,september,post,Post,35.4,45.6,2105,127,0.393,1.725,2.22,1.192,11.24528302,85.85619678,101.1913972,3.107514451,301.4354067
F75,91,91LC,sample,figginsi,LC,F,high,visited,2016,9/6/2016,september,post,Post,31.3,44.9,1305,122,0.21,0.616,0.754,7.667,25.73584906,102.8855251,85.0224354,9.335995796,
F74,32,32LC,sample,figginsi,LC,M,high,visited,2016,9/6/2016,september,post,M,30,44.6,1365,144,,0.184,,0.818,39.62264151,121.8070009,130.8602816,12.26862848,294.1504178
F73,58,58LC,sample,figginsi,LC,M,high,visited,2016,9/6/2016,september,post,M,41.6,52.9,.,125,,12.017,,1.775,13.66037736,38.31598865,62.85780597,6.120861797,297.4930362
F72,88,88LC,sample,figginsi,LC,M,high,visited,2016,9/6/2016,september,post,M,27.7,39.8,890,149,,3.793,,10.959,38.26415094,78.05108798,123.5107535,10.53326327,295.821727
F71,99,99LC,sample,figginsi,LC,F,high,visited,2016,9/6/2016,september,post,Post,30.5,44,1245,144,0.038,0.616,1.856,1.985,5.509433962,17.97540208,35.54850689,3.29584866,297.1291866
F70,94,94LC,sample,figginsi,LC,M,high,visited,2016,9/6/2016,september,post,M,32.1,40.2,1310,141,,6.206,,13.183,16.22641509,35.95080416,63.24462324,8.676826064,322.8
F7,150,150WBC,sample,figginsi,WBC,F,moderate,visited,2016,6/20/2016,june,late,NA,27,37.1,670,158,0.029,0.375,0.205,6.183,9.813084112,19.88879384,35.16483516,2.163021869,318.1818182
F69,96,96LC,sample,figginsi,LC,M,high,visited,2016,9/6/2016,september,post,M,37.2,50.4,2190,126,,5.368,,0.828,13.96226415,14.19110691,36.67027696,5.515501839,310.8
F68,86,86LC,sample,figginsi,LC,F,high,visited,2016,9/6/2016,september,post,Post,27.8,39.6,895,141,0.315,0.346,0.971,0.906,13.05660377,29.32828761,48.42952189,3.847398844,294.2583732
F67,93,93LC,sample,figginsi,LC,M,high,visited,2016,9/6/2016,september,post,M,39,53.3,3045,144,,4.597,,0.767,17.58490566,61.0217597,49.35788334,5.636573831,308.4
F66,97,97LC,sample,figginsi,LC,M,high,visited,2016,9/6/2016,september,post,M,35.7,48.6,1940,128,,2.828,,0.813,51.24528302,140.2554399,130.5895095,16.10257488,310.8
F65,45,45LC,sample,figginsi,LC,F,high,visited,2016,9/6/2016,september,post,Post,28.1,40.5,910,189,0.836,0.622,1.639,1.442,26.33962264,91.2961211,75.97091134,6.09395691,299.2822967
F64,87,87LC,sample,figginsi,LC,F,high,visited,2016,9/6/2016,september,post,Post,29.7,38.9,1050,130,0.539,0.99,0.491,27.941,19.54716981,62.91390728,119.2944453,10.3583815,292.1052632
F63,53,53LC,sample,figginsi,LC,F,high,visited,2016,9/6/2016,september,post,Post,32,45.9,1620,131,0.043,6.768,0.279,0.906,40.52830189,98.39167455,119.1010367,14.25959012,297.1291866
F62,4,4LC,sample,figginsi,LC,F,high,visited,2016,9/6/2016,september,post,Post,38.8,50.5,2515,136,0.824,0.759,1.182,1.065,18.49056604,34.29517502,54.46387127,6.36300578,282.7751196
F61,98,98LC,sample,figginsi,LC,M,high,visited,2016,9/6/2016,september,post,M,40,50.6,3125,143,,0.502,,1.845,19.24528302,21.52317881,53.92232709,5.86526537,306
F60,100,100LC,sample,figginsi,LC,M,high,visited,2016,9/6/2016,september,post,M,35.8,49.6,1950,133,,2.119,,0.838,14.56603774,25.07095553,46.37939038,6.793483973,304.8
F6,18,18WBC,sample,figginsi,WBC,F,moderate,visited,2016,6/20/2016,june,late,NA,30.6,40.6,965,135,0.892,0.179,0.859,57.684,29.90654206,38.70829769,21.82644941,4.96222664,309.0909091
F59,160,160WBC,sample,figginsi,WBC,M,moderate,visited,2016,9/5/2016,september,post,M,26.4,39.1,815,140,,2.428,,5.975,12.86970424,4.86738149,32.49794154,2.95879397,300.8356546
F58,67,67WBC,sample,figginsi,WBC,F,moderate,visited,2016,9/5/2016,september,post,Post,27.4,38.8,775,139,0.83,0.94,0.795,11.261,20.38369305,11.42776524,50.67671881,2.740100503,300
F57,133,133WBC,sample,figginsi,WBC,M,moderate,visited,2016,9/5/2016,september,post,M,32.4,41.5,1340,152,,7.477,,89.817,11.75059952,20.31602709,89.35004117,2.212663317,297.4930362
F56,40,40WBC,sample,figginsi,WBC,F,moderate,visited,2016,9/5/2016,september,post,Post,30.4,16.3/25.7,875,132,0.056,0.77,1.282,20.05,10.79136691,17.56489842,29.02428983,1.183517588,301.4354067
F55,12,12WBC,sample,figginsi,WBC,F,moderate,visited,2016,9/5/2016,september,post,Post,29.5,39.6,900,137,0.04,1.33,1.841,25.292,8.872901679,11.63939052,34.69792096,1.505125628,301.4354067
F54,123,123WBC,sample,figginsi,WBC,M,moderate,visited,2016,9/5/2016,september,post,M,32,46.5,1250,141,,2.299,,11.167,7.59392486,7.83013544,22.61733224,1.903919598,300.8356546
F53,161,161WBC,sample,figginsi,WBC,M,moderate,visited,2016,9/5/2016,september,post,M,27.8,41.9,1045,112,,0.374,,3.125,0,8.253386005,33.88740222,1.19638191,298.3286908
F52,156,156WBC,sample,figginsi,WBC,M,moderate,visited,2016,9/5/2016,september,post,M,26.7,42.8,840,118,,0.772,,2.895,18.78497202,3.174379233,17.13668176,2.469949749,300.8356546
F51,126,126WBC,sample,figginsi,WBC,F,moderate,visited,2016,9/5/2016,september,post,Post,27,38.7,725,121,0.061,0.761,4.716,24.612,17.3461231,9.311512415,30.02778921,1.788140704,302.15311
F50,23,23WBC,sample,figginsi,WBC,F,moderate,visited,2016,9/5/2016,september,post,Post,33.5,23.5/30.3,1220,119,0.495,2.706,1.63,10.794,17.186251,0,31.88040346,0.308743719,301.4354067
F5,151,151WBC,sample,figginsi,WBC,F,moderate,visited,2016,6/20/2016,june,late,NA,23.3,37.5,585,128,0.676,0.421,0.114,1.512,13.2176235,17.10863986,38.27207275,2.264811133,313.6363636
F46,93/0A,93/0AUC,sample,inornata,UC,M,moderate,visited,2016,6/26/2016,june,late,M,21.5,28.6,370,172,,4.359,,17.36,65.8184103,41.01194217,107.6749629,7.031657356,298.2283465
F45,19A,19AUC,sample,inornata,UC,F,moderate,visited,2016,6/26/2016,june,late,RF,30.7,36.5,1055,161,4.547,0.899,,75.87,55.82783538,37.71213074,70.47037333,24.55121043,301.7716535
F44,29C,29CUC,sample,inornata,UC,M,moderate,visited,2016,6/26/2016,june,late,M,20.6,25.9,347,141,,0.076,,11.448,1.665095822,22.86297926,73.33885147,4.671880819,301.7716535
F43,81/0A,81/0AUC,sample,inornata,UC,M,moderate,visited,2016,6/26/2016,june,late,M,19.9,,315,154,,0.08,,14.124,0.973923971,24.27718416,52.61730791,2.550465549,298.8188976
F41,157A,157AFRRC,sample,inornata,FRRC,F,no,non-visited,2016,6/25/2016,june,late,NRF,33.5,42.7,1260,147,0.244,0.45,0.74,27.885,14.10618913,38.04347826,99.97650376,0.059590317,302.3622047
F40,35B,35BFRRC,sample,inornata,FRRC,F,no,non-visited,2016,6/25/2016,june,late,NRF,28.6,36.8,850,152,0.283,0.58,0.927,10.144,6.063462143,16.71732523,33.09979983,2.276350093,298.8188976
F4,63,63WBC,sample,figginsi,WBC,F,moderate,visited,2016,6/20/2016,june,late,NA,28.3,25.8/29.8,775,146,0.27,0.304,0.231,1.875,11.34846462,15.18391788,28.07881773,0.852485089,315.9090909
F39,19B,19BFRRC,sample,inornata,FRRC,M,no,non-visited,2016,6/25/2016,june,late,M,27.7,36.2,760,163,,0.072,,13.983,3.738611373,16.50021711,33.60022877,2.288268156,295.8661417
F38,72A,72AFRRC,sample,inornata,FRRC,F,no,non-visited,2016,6/25/2016,june,late,NRF,28.1,35.6,825,172,0.883,1.632,1.128,21.754,7.131636821,20.8423795,31.63425794,3.718435754,300
F37,36B,36BFRRC,sample,inornata,FRRC,F,no,non-visited,2016,6/25/2016,june,late,NRF,27,,795,101,0.656,1.671,0.592,11.988,39.23971096,18.45419019,27.48784673,0.512476723,298.8188976
F36,54A,54AFRRC,sample,inornata,FRRC,M,no,non-visited,2016,6/25/2016,june,late,M,42.6,53.3,2655,131,,0.077,,18.481,11.34150173,9.769865393,30.52616528,1.704283054,297.0472441
F35,107A,107AFRRC,sample,inornata,FRRC,M,no,non-visited,2016,6/25/2016,june,late,M,28.3,36.5,935,143,,0.081,,26.885,18.37888784,13.02648719,24.09207892,2.0141527,296.4566929
F34,32A,32AFRRC,sample,inornata,FRRC,M,no,non-visited,2016,6/25/2016,june,late,M,35.5,44.8,1660,133,,0.07,,10.14,13.47785108,19.32262267,48.36288247,2.061824953,301.7716535
F33,8A,8AFRRC,sample,inornata,FRRC,F,no,non-visited,2016,6/24/2016,june,late,RF,25.5,34.2,675,152,2.806,1.108,0.539,36.637,42.10526316,30.39513678,42.5007149,2.181005587,298.2283465
F32,31B,31BFRRC,sample,inornata,FRRC,F,no,non-visited,2016,6/24/2016,june,late,NRF,28.3,36.9,855,140,0.17,1.443,0.342,14.359,12.11750306,26.70429874,57.79954246,1.763873371,301.7716535
F31,9A,9AFRRC,sample,inornata,FRRC,M,no,non-visited,2016,6/24/2016,june,late,M,38.1,48.2,2310,154,,0.085,,16.372,18.8494492,15.41467651,26.62996854,1.310986965,302.3622047
F30,70A,70AFRRC,sample,inornata,FRRC,M,no,non-visited,2016,6/24/2016,june,late,M,30.2,39,980,134,,0.071,,18.212,22.64381885,19.97394703,32.92107521,1.048789572,297.6377953
F3,99,99WBC,sample,figginsi,WBC,M,moderate,visited,2016,6/20/2016,june,late,M,30.8,26.0/34.2,1360,96,,0.077,,2.785,35.58077437,29.08468777,49.6779083,3.079125249,313.6363636
F29,62B,62BFRRC,sample,inornata,FRRC,M,no,non-visited,2016,6/24/2016,june,late,M,41.2,32.2,1290,152,,0.079,,56.18,13.83108935,10.20408163,33.63597369,1.430167598,299.4094488
F28,22A,22AFRRC,sample,inornata,FRRC,M,no,non-visited,2016,6/24/2016,june,late,M,39.5,50.7,2415,145,,0.047,,14.433,16.03427173,12.59227095,34.3866171,1.549348231,298.2283465
F27,57B,57BFRRC,sample,inornata,FRRC,M,no,non-visited,2016,6/24/2016,june,late,M,32.5,41.5,1270,143,,0.555,,9.125,27.41738066,29.09248806,30.31169574,2.776908752,304.7244094
F26,28B,28BFRRC,sample,inornata,FRRC,M,no,non-visited,2016,6/24/2016,june,late,M,39.1,48.6,2710,135,,2.98,,28.502,9.608323133,23.66478506,35.31598513,2.836499069,304.7244094
F25,38A,38AFRRC,sample,inornata,FRRC,F,no,non-visited,2016,6/24/2016,june,late,RF,43.7,53.4,3155,108,0.072,13.517,0.475,7.038,17.56425949,20.19105515,56.19102088,1.990316574,301.7716535
F24,13A,13AFRRC,sample,inornata,FRRC,F,no,non-visited,2016,6/24/2016,june,late,RF,34.3,44.2,1365,133,2.479,1.44,0.196,29.713,5.630354957,14.98046027,23.52016014,2.502793296,301.7716535
F23,39A,39AFRRC,sample,inornata,FRRC,F,no,non-visited,2016,6/24/2016,june,late,RF,32.5,44.2,1180,158,1.363,,,91.319,42.71725826,75.33651759,8.078352874,12.0849162,298.8188976
F22,170A,170AFRRC,sample,inornata,FRRC,F,no,non-visited,2016,6/24/2016,june,late,NA,,,,114,0.059,1.036,0.429,13.613,4.957160343,15.41467651,25.02144695,2.026070764,297.6377953
F21,194,194NC,sample,figginsi,NC,M,no,non-visited,2016,6/23/2016,june,late,M,30.9,43.6,1650,85,,0.08,,1.178,24.7246022,,,0.737972167,281.8181818
F20,197,197NC,sample,figginsi,NC,M,no,non-visited,2016,6/23/2016,june,late,M,30.7,32.2/35.5,1300,91,,0.079,,0.805,27.84577723,,,4.692952721,314.4
F2,121,121WBC,sample,figginsi,WBC,M,moderate,visited,2016,6/20/2016,june,late,M,29.4,42.7,1180,81,,0.075,,0.873,5.473965287,8.554319932,34.48275862,0.890656064,297.7272727
F19,134,134NC,sample,figginsi,NC,M,no,non-visited,2016,6/23/2016,june,late,M,28.1,39.5,1185,98,,0.351,,1.885,17.80905753,14.75620188,34.06593407,1.221471173,300
F18,193,193NC,sample,figginsi,NC,M,no,non-visited,2016,6/23/2016,june,late,M,30.3,37,1225,117,,0.16,,2.05,8.996328029,15.39777588,26.60098522,1.246918489,
F16,71,71NAC,sample,figginsi,NAC,F,no,non-visited,2016,6/20/2016,june,NA,NA,26.3,34.8,770,161,,,,9.394,37.58344459,61.67306872,90.71694985,8.346833185,271.2
F15,132,132NAC,sample,figginsi,NAC,F,no,non-visited,2016,6/20/2016,june,NA,NA,25.7,15.7/25.0,660,199,,,,79.697,27.10280374,,,,
F14,127,127NAC,sample,figginsi,NAC,M,no,non-visited,2016,6/20/2016,june,NA,NA,31.5,41.1,1295,20,,,,7.487,20.32667877,43.74733248,57.39743058,4.978412132,296.4
F13,130,130NAC,sample,figginsi,NAC,F,no,non-visited,2016,6/20/2016,june,NA,NA,27.8,37.6,755,9,,,,37.629,9.134906231,16.6453265,38.66556154,2.786083854,295.2
F12,61,61NAC,sample,figginsi,NAC,M,no,non-visited,2016,6/20/2016,june,NA,NA,31,37.4,1180,29,,,,16.644,29.28009679,74.47716603,103.7712391,9.659946476,306
F106,103A,103AFRRC,sample,inornata,FRRC,M,no,non-visited,2016,9/11/2016,september,post,M,25.7,35.3,625,158,,0.386,,66.508,13.20754717,1.666666667,31.91489362,1.7622701,307.2
F105,8A,8AFRRC,sample,inornata,FRRC,F,no,non-visited,2016,9/11/2016,september,post,Post,24.3,33.6,595,146,1.258,0.3,0.655,40.974,3.245283019,13.0952381,32.24734043,0.591907514,297.4930362
F104,120A,120AFRRC,sample,inornata,FRRC,M,no,non-visited,2016,9/11/2016,september,post,M,25.9,34.2,710,144,,4.893,,0.86,0.920502092,11.66666667,40.30917553,-0.026904887,306
F103,87B,87BFRRC,sample,inornata,FRRC,F,no,non-visited,2016,9/11/2016,september,post,Post,24.2,32.2,645,140,0.716,0.183,0.891,13.091,8.099173554,15.71428571,17.95212766,3.457277982,296.6573816
F102,73A,73AFRRC,sample,inornata,FRRC,F,no,non-visited,2016,9/11/2016,september,post,Post,25,32.7,620,118,0.441,1.088,0.71,0.883,4.628099174,11.19047619,16.95478723,1.237624803,298.3286908
F101,9A,9AFRRC,sample,inornata,FRRC,M,no,non-visited,2016,9/11/2016,september,post,M,36.7,47.2,2330,135,,0.458,,10.66,5.950413223,7.142857143,18.32613032,0.551550184,304.8
F100,20B,20BFRRC,sample,inornata,FRRC,F,no,non-visited,2016,9/11/2016,september,post,Post,33.8,46.1,1360,124,0.106,0.656,0.261,14.577,0,8.571428571,22.52327128,4.681450342,297.4930362
F10,,NA,sample,figginsi,WBC,M,moderate,visited,2016,6/20/2016,june,late,M,,,,121,,0.079,,22.571,10.48064085,7.698887938,28.45774915,1.399602386,306.8181818
F1,28,28WBC,sample,figginsi,WBC,M,moderate,visited,2016,6/20/2016,june,late,M,35.2,45.3,1530,116,,0.073,,4.372,18.09078772,37.4251497,135.0890489,4.37693837,311.3636364
D9,144,144WBC,sample,figginsi,WBC,F,moderate,visited,2016,6/20/2016,june,late,NRF,23.6,37.6,520,121,0.754,0.465,0.051,1.99,12.61682243,25.60819462,54.9108993,2.951888668,318.1818182
D8,145,145WBC,sample,figginsi,WBC,M,moderate,visited,2016,6/20/2016,june,late,M,25.2,40.2,810,107,,5.642,,2.336,12.75033378,15.15151515,38.78988811,1.463220676,315.9090909
D7,142,142WBC,sample,figginsi,WBC,F,moderate,visited,2016,6/20/2016,june,late,NA,27.7,16.2/22.7,770,112,1.367,0.303,0.11,2.598,5.807743658,12.80409731,33.5681724,2.099403579,315.9090909
D6,12,12WBC,sample,figginsi,WBC,F,moderate,visited,2016,6/20/2016,june,late,RF,29.2,40.1,870,102,0.917,0.688,1.445,11.13,9.345794393,8.536064874,39.37007874,0.890656064,318.1818182
D5,4,4WBC,sample,figginsi,WBC,F,moderate,visited,2016,6/20/2016,june,late,NA,31.2,43.8,1330,114,0.709,0.465,1.247,7.077,22.16288385,28.38241571,62.70203067,2.697415507,318.1818182
D4,42,42WBC,sample,figginsi,WBC,F,moderate,visited,2016,6/20/2016,june,late,NA,28.5,30.0/31.0,695,114,1.063,0.83,0.758,2.399,28.90520694,46.94835681,37.29796933,3.817097416,309.0909091
D3,27,27WBC,sample,figginsi,WBC,M,moderate,visited,2016,6/20/2016,june,late,M,33,43.7,1600,109,,,,4.579,,53.35040546,50.76668048,1.689919715,302.2727273
D2,126,126WBC,sample,figginsi,WBC,F,moderate,visited,2016,6/20/2016,june,late,RF,27.1,38.1,720,121,0.871,0.88,0.415,33.333,15.35380507,17.71233461,28.51222545,4.384656557,318.1818182
D18,97,97WBC,sample,figginsi,WBC,F,moderate,visited,2016,6/20/2016,june,late,NA,28.5,39.6,740,235,0.663,0.691,0.046,2.461,17.3564753,18.60564585,48.20007579,3.193638171,315.9090909
D17,101,101WBC,sample,figginsi,WBC,F,moderate,visited,2016,6/20/2016,june,late,RF,28.1,25.1,800,154,0.381,0.967,0.049,11.012,11.88251001,38.28058169,34.06593407,1.399602386,309.0909091
D15,20,20WBC,sample,figginsi,WBC,M,moderate,visited,2016,6/20/2016,june,late,M,34.1,47.3,1620,136,,4.485,,9.424,12.88384513,18.17792985,42.4403183,1.730417495,313.6363636
D14,83,83WBC,sample,figginsi,WBC,M,moderate,visited,2016,6/20/2016,june,late,M,31.9,43.4,1360,123,,1.439,,10.954,12.28304406,20.10265184,37.8552482,0.966998012,313.6363636
D13,79,79WBC,sample,figginsi,WBC,F,moderate,visited,2016,6/20/2016,june,late,NA,31,27.6/32.2,890,109,0.367,,,2.895,59.14552737,103.9349872,36.22584312,16.4389662,288.6363636
D12,140,140WBC,sample,figginsi,WBC,F,moderate,visited,2016,6/20/2016,june,late,NA,27.7,37.1,775,120,1.179,1.54,0.409,9.043,16.42189586,17.32249786,56.68813945,1.768588469,309.0909091
D11,130,130WBC,sample,figginsi,WBC,M,moderate,visited,2016,6/20/2016,june,late,M,28,42.1,1030,104,,0.076,,1.136,26.96929239,23.26077678,36.84210526,2.213916501,318.1818182
D10,123,123WBC,sample,figginsi,WBC,M,moderate,visited,2016,6/20/2016,june,late,M,30.8,45.7,1280,100,,0.082,,5.96,18.95861148,18.77934272,28.71943639,1.704970179,315.9090909
D1,127,127WBC,sample,figginsi,WBC,M,moderate,visited,2016,6/20/2016,june,late,M,28.3,42.9,1005,81,,0.081,,3.465,8.544726302,13.44430218,30.16991297,1.084745763,318.1818182
C99,23/9B,23/9BALC,sample,inornata,ALC,F,high,visited,2016,9/3/2016,september,post,Post,29.4,37.6,840,130,0.729,0.547,0.419,5.728,6.299911269,42.85714286,40.97406915,1.444907975,307.2
C98,93/7A,93/7AALC,sample,inornata,ALC,M,high,visited,2016,9/3/2016,september,post,M,33.1,43.9,1505,132,,3.863,,3.402,12.3336291,25.95238095,71.26828457,3.470920245,291.3385827
C97,61/6B,61/6BALC,sample,inornata,ALC,F,high,visited,2016,9/3/2016,september,post,Post,27.5,27.7,675,154,1.922,0.527,0.67,19.749,10.7364685,25.71428571,41.92985372,0.800981595,299.2822967
C96,11/9A,11/9AALC,sample,inornata,ALC,M,high,visited,2016,9/3/2016,september,post,M,29.5,38.9,975,133,,0.981,,6.696,12.51109139,23.0952381,52.48503989,2.701349693,286.6141732
C95,91/7A,91/7AALC,sample,inornata,ALC,M,high,visited,2016,9/3/2016,september,post,M,29,37.3,945,155,,0.872,,3.383,8.074534161,17.38095238,51.27992021,2.811288344,296.8503937
C94,82/7A,82/7AALC,sample,inornata,ALC,M,high,visited,2016,9/3/2016,september,post,M,27.5,35.6,700,126,,0.709,,2.333,1.15350488,19.76190476,31.54089096,1.821840491,284.2519685
C93,28D,28DALC,sample,inornata,ALC,M,high,visited,2016,9/3/2016,september,post,M,23.8,32.5,540,138,,0.688,,3.374,13.75332742,42.38095238,49.61768617,1.71190184,289.7637795
C92,1/0A,1/0AALC,sample,inornata,ALC,M,high,visited,2016,9/3/2016,september,post,M,34.3,42.1,1590,155,,7.153,,5.614,20.85181899,70.71428571,36.69381649,2.544294479,289.7637795
C91,32/7A,32/7AALC,sample,inornata,ALC,M,high,visited,2016,9/3/2016,september,post,M,30.2,38.1*,1125,130,,2.03,,1.074,14.46317657,55.47619048,33.61868351,1.38208589,292.9133858
C90,4/9A,4/9AALC,sample,inornata,ALC,M,high,visited,2016,9/3/2016,september,post,M,26.5,34,615,164,,1.031,,18.856,17.48003549,43.57142857,42.96875,2.167361963,191.3385827
C9,22,22WBC,sample,figginsi,WBC,M,moderate,visited,2016,6/20/2016,june,late,M,35.1,47.2,1650,95,,0.078,,17.163,13.01735648,48.65556978,48.19726482,2.032471008,316.8
C89,31/8B,31/8BALC,sample,inornata,ALC,M,high,visited,2016,9/3/2016,september,post,M,34,42.6,1755,125,,1.097,,27.925,15.35048802,19.52380952,26.30485372,1.287852761,272.4409449
C88,180/0D,180/0DALC,sample,inornata,ALC,M,high,visited,2016,9/3/2016,september,post,M,36.3,42,1770,138,,3.846,,1.238,20.31943212,39.04761905,46.9581117,4.790184049,292.9133858
C87,61/6B,61/6BALC,sample,inornata,ALC,F,high,visited,2016,6/26/2016,june,late,NRF,28,36.8,670,136,0.796,0.207,0.433,9.574,11.2599681,30.64110622,67.90158694,5.389473684,300
C86,62/0B,62/0BALC,sample,inornata,ALC,M,high,visited,2016,6/26/2016,june,late,M,33,40.4,1370,150,,0.96,,8.558,10.36682616,33.65175858,96.29682585,6.70786644,295.8661417
C85,54/6B,54/6BALC,sample,inornata,ALC,F,high,visited,2016,6/26/2016,june,late,RF,29.6,36.1,940,155,2.341,0.177,0.456,17.34,14.51355662,,,,
C84,9F,9FALC,sample,inornata,ALC,M,high,visited,2016,6/26/2016,june,late,M,34,43.6,,150,,,,,10.94098884,,,5.911035654,298.2283465
C83,82/9A,82/9AALC,sample,inornata,ALC,M,high,visited,2016,6/26/2016,june,late,M,28.1,36.9,800,171,,0.08,,12.729,23.70015949,37.39002933,109.8629521,10.89485003,306.9223472
C82,64/8B,64/8BALC,sample,inornata,ALC,F,high,visited,2016,6/26/2016,june,late,RF,29.7,38,1020,161,,31.69,1.587,19.233,12.66101162,23.31378299,390.2493822,6.620939445,321.0714286
C81,26F,26FALC,sample,inornata,ALC,F,high,visited,2016,6/26/2016,june,late,NRF,30,39.2,1040,144,1.361,1.122,0.478,0.792,37.92020107,44.42815249,123.2869018,14.7196378,305
C80,5/9A,5/9AALC,sample,inornata,ALC,M,high,visited,2016,6/26/2016,june,late,M,23.5,33.1,512,173,,1.353,,5.513,12.15834119,21.5542522,60.49202426,4.89688738,311.4285714
C8,125,125WBC,sample,figginsi,WBC,F,moderate,visited,2016,6/20/2016,june,late,NA,27.5,21.0/28.9,825,120,0.814,0.635,2.644,8.727,15.0200267,14.08450704,50.18648985,0.993398751,304.5454545
C79,90/10/2/7,90/10/2/7ALC,sample,inornata,ALC,M,high,visited,2016,6/26/2016,june,late,M,27.7,36,715,160,,2.647,,1.62,14.67169337,13.3431085,74.36531117,5.838596491,309.2857143
C78,94/6A,94/6AALC,sample,inornata,ALC,F,high,visited,2016,6/26/2016,june,late,RF,26.7,35.7,675,149,6.03,,3.059,15.044,9.770656613,20.08797654,204.2799371,25.86078098,331.7857143
C77,20/0D,20/0DALC,sample,inornata,ALC,F,high,visited,2016,6/26/2016,june,late,NA,20.6,28.8,345,151,1.05,,1.117,5.862,7.697141062,22.4340176,61.78386879,4.578155065,344.6428571
C76,25F,25FALC,sample,inornata,ALC,M,high,visited,2016,6/26/2016,june,late,M,21.5,29.7,368,160,,0.687,,,3.675777568,43.25513196,94.97865648,3.766836446,335
C75,5/0C,5/0CUC,sample,inornata,UC,M,moderate,visited,2016,6/25/2016,june,late,M,26,34.166,660,148,,1.771,,13.265,12.22117499,53.7397863,52.83137344,6.22122905,299.4094488
C74,39/0A,39/0AUC,sample,inornata,UC,F,moderate,visited,2016,6/25/2016,june,late,NRF,31.8,36.5,1405,142,0.761,1.012,1.039,4.297,22.02324851,44.54745443,74.92293641,26.74413408,303.5433071
C73,21D,21DUC,sample,inornata,UC,F,moderate,visited,2016,6/25/2016,june,late,NRF,23.1,32,485,154,0.974,1.611,1.347,9.936,10.02199183,21.21307354,118.6351182,3.396648045,304.7244094
C72,164B,164BUC,sample,inornata,UC,M,moderate,visited,2016,6/25/2016,june,late,M,33.7,40.5,1450,129,,0.076,,1.915,18.56738926,29.22690132,62.29306999,4.040223464,302.9527559
C71,72/0A,72/0AUC,sample,inornata,UC,M,moderate,visited,2016,6/25/2016,june,late,M,25.2,32.4,550,150,,0.182,,5.541,20.5152372,41.24764299,66.61719374,6.352327747,297.6377953
C70,43/0A,43/0AUC,sample,inornata,UC,M,moderate,visited,2016,6/25/2016,june,late,M,35,,1770,156,,0.079,,6.054,18.88155828,124.6857322,68.9291015,14.86182495,299.4094488
C7,43,43WBC,sample,figginsi,WBC,M,moderate,visited,2016,6/20/2016,june,late,M,33.1,46.4,1490,110,,0.076,,7.459,18.62483311,28.80921895,86.19975135,3.174308653,311.3636364
C69,170C,170CUC,sample,inornata,UC,F,moderate,visited,2016,6/25/2016,june,late,NRF,32.5,,1045,169,1.18,1.912,0.77,5.862,4.052780396,69.06033941,72.73946798,8.84320298,295.8661417
C68,12/0B,12/0BUC,sample,inornata,UC,M,moderate,visited,2016,6/25/2016,june,late,M,25.6,34.9,710,140,,3.344,,6.966,2.104932454,28.9912005,105.4914945,3.194040968,296.4566929
C67,101B,101BUC,sample,inornata,UC,M,moderate,visited,2016,6/25/2016,june,late,M,37.8,,2255,132,,0.182,,6.346,96.35563933,95.45883092,75.17981505,15.18361266,295.8661417
C66,57B,57BUC,sample,inornata,UC,M,moderate,visited,2016,6/25/2016,june,late,M,39,46,2865,122,,0.079,,0.845,63.99622997,177.0113136,69.22879324,14.25400372,299.4094488
C65,2/0C,2/0CUC,sample,inornata,UC,M,moderate,visited,2016,6/25/2016,june,late,M,27.7,37.5,735,147,,0.081,,7.515,6.377631166,,,3.129371817,306.8181818
C64,9C,9CUC,sample,inornata,UC,F,moderate,visited,2016,6/25/2016,june,late,NRF,35,42.2,1410,141,0.777,1.111,0.708,8.856,21.26924285,82.25958517,104.2499144,6.244255801,297.6377953
C63,52/6A,52/6AALC,sample,inornata,ALC,F,high,visited,2016,6/24/2016,june,late,NRF,29.8,38.2,870,169,1.506,0.188,0.433,17.712,17.8133836,42.08211144,104.8640755,8.678211658,315.7142857
C62,43/8C,43/8CALC,sample,inornata,ALC,F,high,visited,2016,6/24/2016,june,late,NRF,23.3,31.6,455,179,1.018,0.83,0.551,11.19,6.943135407,27.41935484,120.0292069,2.2745897,315.7142857
C61,14/8A,14/8AALC,sample,inornata,ALC,M,high,visited,2016,6/24/2016,june,late,M,33.3,44.6,1520,150,,6.352,,7.99,5.183788878,19.50146628,53.07796001,5.997962649,309.2857143
C60,15/7C,15/7CALC,sample,inornata,ALC,F,high,visited,2016,6/24/2016,june,late,NRF,28,38.2,815,159,0.544,0.583,0.437,9.536,6.411483254,30.93841642,51.05594248,3.477079796,311.4285714
C6,139,139WBC,sample,figginsi,WBC,M,moderate,visited,2016,6/20/2016,june,late,M,30.7,41.3,1220,107,,0.077,,4.81,10.6141522,11.31028596,29.34106921,1.039072257,312
C59,27/0B,27/0BALC,sample,inornata,ALC,M,high,visited,2016,6/24/2016,june,late,M,31.4,40.7,1220,157,,4.723,,10.728,59.30232558,59.38416422,196.92204,22.00701754,308.2142857
C58,91/7A,91/7AALC,sample,inornata,ALC,M,high,visited,2016,6/24/2016,june,late,M,29.6,37.7,895,154,,0.082,,9.326,36.35250918,41.7888563,97.78701415,11.14114318,317.8571429
C57,137E,137EALC,sample,inornata,ALC,F,high,visited,2016,6/24/2016,june,late,NRF,30,37.6,740,140,1.099,0.477,0.762,15.528,19.27784578,25.07331378,30.27409571,3.187323147,310.3571429
C56,75/0B,75/0BALC,sample,inornata,ALC,F,high,visited,2016,6/24/2016,june,late,NRF,30.1,36.5,865,150,0.513,0.218,0.64,9.885,11.87270502,8.944281525,111.7164682,4.462252405,290
C55,10D,10DALC,sample,inornata,ALC,F,high,visited,2016,6/24/2016,june,late,NRF,24.5,32.3,545,162,0.35,0.403,0.359,14.208,16.34026928,23.02052786,54.03280162,5.940011319,316.7857143
C54,4/9A,4/9AALC,sample,inornata,ALC,M,high,visited,2016,6/24/2016,june,late,M,26.5,34.1,585,159,,0.076,,16.11,23.13341493,46.48093842,25.94922489,5.244595359,318.9285714
C53,160C,160CALC,sample,inornata,ALC,M,high,visited,2016,6/24/2016,june,late,M,38,48.9,2310,142,,12.487,,6.001,19.76744186,40.32258065,35.72230959,13.79241653,311.4285714
C52,99D,99DALC,sample,inornata,ALC,M,high,visited,2016,6/24/2016,june,late,M,21.5,28.9,370,169,,0.985,,9.773,23.13341493,26.83284457,73.57897102,6.374646293,312.5
C51,39C,39CALC,sample,inornata,ALC,M,high,visited,2016,6/24/2016,june,late,M,33.8,42.5,1320,159,,24.446,,9.034,18.66585067,8.651026393,71.21995057,5.418449349,314.6428571
C50,47/0B,47/0BALC,sample,inornata,ALC,M,high,visited,2016,6/24/2016,june,late,M,30.2,35.5,895,153,,0.103,,5.96,30.5997552,11.58357771,75.43248708,8.200113186,313.5714286
C5,unknown,NA,sample,figginsi,WBC,M,moderate,visited,2016,6/20/2016,june,late,M,,,,122,,0.074,,4.843,9.012016021,24.96798976,48.57024451,1.609991079,302.4
C49,122/0A,122/0AALC,sample,inornata,ALC,M,high,visited,2016,6/24/2016,june,late,M,32.3,40.2,1340,145,,0.077,,6.581,27.53977968,19.20821114,41.22669063,10.69202037,302.8571429
C48,2/7A,2/7AALC,sample,inornata,ALC,M,high,visited,2016,6/24/2016,june,late,M,31.2,40.5,1125,147,,7.162,,11.375,40.94247246,10.11730205,79.92585936,6.244255801,294.2857143
C47,115C,115CALC,sample,inornata,ALC,M,high,visited,2016,6/24/2016,june,late,M,29.6,*,975,151,,0.076,,9.773,72.52141983,28.0058651,73.80363963,10.47470289,317.8571429
C46,78/0B,78/0BALC,sample,inornata,ALC,F,high,visited,2016,6/24/2016,june,late,NRF,26.9,35.4,755,142,1.417,0.728,1.158,14.053,11.26070991,32.69794721,29.48775556,3.795812111,314.6428571
C45,35/9B,35/9BALC,sample,inornata,ALC,M,high,visited,2016,6/24/2016,june,late,M,32,43.2,1398,145,,0.317,,5.513,25.33659731,30.05865103,62.96337902,12.90865874,306.0714286
C44,94D,94DALC,sample,inornata,ALC,M,high,visited,2016,6/24/2016,june,late,M,33.1,40.4,205,144,,0.307,,5.991,35.25091799,59.97067449,147.0456077,17.38539898,311.4285714
C43,65/0B,65/0BALC,sample,inornata,ALC,F,high,visited,2016,6/24/2016,june,late,NRF,31.1,39.1,955,145,0.091,0.973,0.429,31.117,36.59730722,21.84750733,66.44574253,11.53231466,308.2142857
C42,11/7B,11/7BALC,sample,inornata,ALC,F,high,visited,2016,6/24/2016,june,late,NRF,23.5,31.8,480,167,0.876,0.377,1.241,9.125,18.78824969,20.96774194,84.53156594,10.47470289,313.5714286
C41,14/9A,14/9AALC,sample,inornata,ALC,F,high,visited,2016,6/24/2016,june,late,RF,25.4,34.5,575,161,4.019,0.599,0.619,18.758,25.58139535,10.11730205,53.52729724,4.43327674,302.8571429
C40,11/9A,11/9AALC,sample,inornata,ALC,M,high,visited,2016,6/24/2016,june,late,M,28.8,39,915,134,,0.072,,3.733,50.18359853,41.7888563,134.8573354,13.82139219,301.7857143
C4,26,26WBC,sample,figginsi,WBC,F,moderate,visited,2016,6/20/2016,june,late,NA,27,34.6,680,127,1.043,,0.45,5.803,30.8411215,46.73495519,33.31951927,4.064942016,307.2
C39,139C,139CALC,sample,inornata,ALC,M,high,visited,2016,6/24/2016,june,late,M,32.7,48.6,1215,161,,0.74,,5.774,35.80171359,35.92375367,121.3772186,16.03803056,315.7142857
C38,22/8B,22/8BALC,sample,inornata,ALC,M,high,visited,2016,6/24/2016,june,late,M,28.4,*,740,148,,0.079,,1.933,32.43574051,56.15835777,12.91844529,6.794793435,323.2142857
C37,90G,90GALC,sample,inornata,ALC,F,high,visited,2016,6/24/2016,june,late,NRF,26.4,32.9,655,123,1.12,0.178,0.434,14.583,35.06731946,56.15835777,76.38732869,13.14046406,322.1428571
C36,196,196NC,sample,figginsi,NC,M,no,non-visited,2016,6/23/2016,june,late,M,36.4,42.7,1875,151,,0.079,,0.765,31.88142771,35.71428571,67.52557787,3.053677932,306.8181818
C35,162,162NC,sample,figginsi,NC,F,no,non-visited,2016,6/22/2016,june,late,NRF,27,38.5,650,159,1.468,0.585,0.948,23.049,15.36600121,17.53635586,21.48541114,0.903379722,311.3636364
C34,142,142NC,sample,figginsi,NC,M,no,non-visited,2016,6/22/2016,june,late,M,32.1,45.3,1550,125,,0.075,,18.009,23.53297036,16.68092387,52.40621448,1.552286282,306.8181818
C33,148,148NC,sample,figginsi,NC,F,no,non-visited,2016,6/22/2016,june,late,NA,26.8,35.5,820,151,1.388,0.716,2.793,48.958,6.47307925,20.31650984,22.35695339,0.941550696,306.8181818
C32,150,150NC,sample,figginsi,NC,F,no,non-visited,2016,6/22/2016,june,late,NA,26,36.3,730,151,2.295,0.513,1.638,107.363,10.40532365,7.912745937,22.81167109,1.399602386,306.8181818
C31,157,157NC,sample,figginsi,NC,F,no,non-visited,2016,6/22/2016,june,late,NRF,24.8,36.2,475,136,0.682,0.749,3.096,30.694,14.94252874,24.16595381,16.4077302,2.786481113,313.6363636
C30,114,114NC,sample,figginsi,NC,F,no,non-visited,2016,6/22/2016,june,late,NRF,26.4,36,545,128,0.965,1.265,2.493,13.478,17.66485178,20.53036784,63.31943918,3.308151093,318.1818182
C3,33,33WBC,sample,figginsi,WBC,M,moderate,visited,2016,6/20/2016,june,late,M,30,40.9,1135,99,,1.606,,2.965,15.35380507,14.93811353,35.64028181,1.073327386,279.6
C29,149,149NC,sample,figginsi,NC,F,no,non-visited,2016,6/22/2016,june,late,NA,28,39.5,1040,141,1,0.749,0.853,58.168,8.590441621,41.91616766,28.26828344,2.48111332,318.1818182
C28,156,156NC,sample,figginsi,NC,F,no,non-visited,2016,6/22/2016,june,late,NRF,26.4,39.4,680,155,0.352,0.591,1.915,6.478,17.05989111,18.39178785,22.39484653,1.654075547,318.1818182
C27,155,155NC,sample,figginsi,NC,F,no,non-visited,2016,6/22/2016,june,late,NA,27.4,22/26.2,740,169,0.866,0.456,2.603,51.885,15.0030248,19.67493584,23.38006821,0.941550696,315.9090909
C26,152,152NC,sample,figginsi,NC,F,no,non-visited,2016,6/22/2016,june,late,NA,31.1,42.3,1070,146,1.066,0.509,0.189,42.472,18.87477314,6.20188195,25.91890868,1.183300199,318.1818182
C25,153,153NC,sample,figginsi,NC,F,no,non-visited,2016,6/22/2016,june,late,NRF,25,34.8,540,142,0.262,0.407,1.662,33.158,10.70780399,14.97005988,19.7044335,2.213916501,318.1818182
C24,151,151NC,sample,figginsi,NC,F,no,non-visited,2016,6/22/2016,june,late,NA,25.5,27.7/32.2,790,131,0.965,0.377,0.049,46.46,3.629764065,14.97005988,21.22015915,4.924055666,320.4545455
C23,154,154NC,sample,figginsi,NC,F,no,non-visited,2016,6/22/2016,june,late,NA,27,14,720,154,1.104,0.725,1.431,53.295,10.22383545,17.75021386,20.00757863,3.740755467,309.0909091
C22,42,42NC,sample,figginsi,NC,M,no,non-visited,2016,6/22/2016,june,late,M,34,44.6,1870,98,,0.078,,2.893,25.16636419,55.38922156,79.53770368,7.799602386,318.1818182
C21,161,161NC,sample,figginsi,NC,F,no,non-visited,2016,6/22/2016,june,late,NA,27.6,16.1/17.0,800,129,0.969,0.686,1.205,64.749,7.562008469,31.65098375,37.05949223,2.493836978,313.6363636
C209,55/0A,55/0AUC,sample,inornata,UC,F,moderate,visited,2016,9/10/2016,september,post,Post,24.7,34.7,640,136,1.07,2.338,,14.812,3.305785124,34.94505495,55.19634127,2.773550356,300
C208,3/0C,3/0CUC,sample,inornata,UC,F,moderate,visited,2016,9/10/2016,september,post,Post,28,36.4,840,142,0.627,1.049,,28.618,0,44.61538462,61.07080902,3.020956256,300.7177033
C207,54/0A,54/0AUC,sample,inornata,UC,M,moderate,visited,2016,9/10/2016,september,post,M,23.6,16.1+4.8,510,154,,0.757,,37.569,11.90082645,19.78021978,34.73426904,3.372533062,245.3070175
C206,7/0C,7/0CUC,sample,inornata,UC,F,moderate,visited,2016,9/10/2016,september,post,Post,28,36.1,890,130,0.082,1.103,,20.414,5.454545455,12.96703297,35.28623246,10.40406918,303.5885167
C205,65/0A2,65/0A2UC,sample,inornata,UC,F,moderate,visited,2016,9/10/2016,september,post,Post,26.1,35,700,143,0.696,,,30.429,0,18.46153846,73.52941176,7.565412004,297.1291866
C204,11/0B,11/0BUC,sample,inornata,UC,F,moderate,visited,2016,9/10/2016,september,post,Post,31.4,40,1075,146,0.081,0.079,,52.644,4.132231405,10.76923077,14.58760448,3.229298067,297.4930362
C203,75/0A,75/0AUC,sample,inornata,UC,F,moderate,visited,2016,9/10/2016,september,post,Post,19.1,27.5,330,104,0.886,,,11.167,7.933884298,8.351648352,23.22188929,5.442929807,
C202,34C,34CUC,sample,inornata,UC,F,moderate,visited,2016,9/10/2016,september,post,Post,22.1,31.5,470,142,0.455,0.291,,34.161,2.314049587,12.08791209,21.72370289,2.591251272,304.178273
C201,73D,73DUC,sample,inornata,UC,M,moderate,visited,2016,9/10/2016,september,post,M,20.1,29.7,360,122,,0.683,,63.301,0,3.516483516,30.23970982,4.817904374,313.1578947
C200,23C,23CUC,sample,inornata,UC,M,moderate,visited,2016,9/10/2016,september,post,M,21.6,29.1,410,124,,0.339,,39.262,0,8.571428571,12.81343637,4.310071211,334.7807018
C20,158,158NC,sample,figginsi,NC,F,no,non-visited,2016,6/22/2016,june,late,NA,26.5,27/28.1,915,144,1.322,,,57.371,19.47973382,38.0667237,30.04926108,6.069184891,318.1818182
C2,147,147WBC,sample,figginsi,WBC,M,moderate,visited,2016,6/20/2016,june,late,M,29.6,43.7,1150,74,,1.518,,0.827,33.71161549,7.682458387,16.82552839,0.753612846,295.2
C199,19A,19AUC,sample,inornata,UC,F,moderate,visited,2016,9/10/2016,september,post,Post,30,37.2,1060,115,0.663,1.138,0.842,32.591,7.603305785,5.494505495,16.00693897,4.856968464,303.3426184
C198,178B,178BUC,sample,inornata,UC,M,moderate,visited,2016,9/9/2016,september,post,M,38,42,2160,122,,4.2,,26.297,11.57024793,27.47252747,16.99258792,3.56785351,350.4385965
C197,44C,44CUC,sample,inornata,UC,M,moderate,visited,2016,9/9/2016,september,post,M,32.3,40.4,1185,132,,1.449,,28.134,0.330578512,9.010989011,29.64832045,2.239674466,344.4736842
C196,6/0C,6/0CUC,sample,inornata,UC,F,moderate,visited,2016,9/9/2016,september,post,Post,24,33,485,156,0.904,1.741,1.06,38.22,4.628099174,13.40659341,66.51159123,2.057375381,298.3286908
C195,37C,37CUC,sample,inornata,UC,M,moderate,visited,2016,9/9/2016,september,post,M,21,18.4+2.2,375,172,,3.191,,29.36,0,9.010989011,22.35451821,1.901119023,344.4736842
C194,189B,189BUC,sample,inornata,UC,F,moderate,visited,2016,9/9/2016,september,post,Post,28.8,38.1,960,139,0.083,1.849,0.905,29.552,0,7.252747253,38.20375335,2.812614446,305.0139276
C193,47C,47CUC,sample,inornata,UC,M,moderate,visited,2016,9/9/2016,september,post,M,36,44.4,1810,153,,3.29,,22.001,4.628099174,24.3956044,68.08862955,5.351780264,336.2719298
C192,3C,3CUC,sample,inornata,UC,F,moderate,visited,2016,9/9/2016,september,post,Post,28.7,36.3,795,133,0.082,1.788,0.83,30.732,2.148760331,4.395604396,37.49408611,1.64069176,303.3426184
C191,2/0C,2/0CUC,sample,inornata,UC,M,moderate,visited,2016,9/9/2016,september,post,M,27.4,38,815,138,,0.343,,25.218,3.801652893,5.934065934,36.19302949,1.770905392,
C190,81C,81CUC,sample,inornata,UC,M,moderate,visited,2016,9/9/2016,september,post,M,34.5,42.2,1470,127,,0.619,,26.268,14.21487603,7.692307692,50.50465226,2.317802645,
C19,159,159NC,sample,figginsi,NC,F,no,non-visited,2016,6/22/2016,june,late,NA,24.2,32.8,550,151,0.991,0.694,0.836,60.762,13.67211131,17.32249786,22.20538083,1.412326044,322.7272727
C189,43/0A,43/0AUC,sample,inornata,UC,M,moderate,visited,2016,9/9/2016,september,post,M,35,26.0+8.7,1685,129,,6.341,,23.674,1.32231405,4.615384615,34.57656521,2.474059003,343.7280702
C188,15C,15CUC,sample,inornata,UC,F,moderate,visited,2016,9/9/2016,september,post,Post,29,34.7,900,133,0.078,2.125,1.015,34.615,11.23966942,11.20879121,31.42248857,2.773550356,308.4
C187,191B,191BUC,sample,inornata,UC,F,moderate,visited,2016,9/9/2016,september,post,Post,29.3,37.2,925,123,0.085,1.589,1.134,24.1,7.107438017,9.230769231,50.78063397,3.854323499,307.2
C186,165B,165BUC,sample,inornata,UC,M,moderate,visited,2016,9/9/2016,september,post,M,37.2,43.6,2215,114,,11.143,,24.928,10.5785124,16.04395604,47.66598328,1.862054934,354.9122807
C185,10/0C,10/0CUC,sample,inornata,UC,F,moderate,visited,2016,9/9/2016,september,post,Post,29.2,24.7+4.0,900,114,0.082,1.117,0.609,30.125,8.961845608,10.54945055,31.1070809,-0.117192269,308.4
C184,102A,102AUC,sample,inornata,UC,F,moderate,visited,2016,9/9/2016,september,post,Post,35,39.2,1420,118,0.704,1.508,0.787,32.175,4.170363798,15.16483516,44.35420281,3.476703967,307.2
C183,61/0B,61/0BUC,sample,inornata,UC,M,moderate,visited,2016,9/9/2016,september,post,M,23,31.9,445,133,,0.487,,33.476,7.187222715,9.230769231,25.54802082,2.487080366,348.9473684
C182,151B,151BUC,sample,inornata,UC,F,moderate,visited,2016,9/9/2016,september,post,Post,31.5,40.1,1220,120,0.815,0.563,0.348,,8.074534161,14.94505495,46.68033433,5.078331638,303.6
C181,142,142UC,sample,inornata,UC,F,moderate,visited,2016,9/9/2016,september,post,Post,36.4,40.4,1205,135,0.393,1.008,0.767,30.125,7.009760426,10.10989011,19.39757136,4.401220753,307.2
C180,102/6,102/6UC,sample,inornata,UC,M,moderate,visited,2016,9/9/2016,september,post,M,30.5,38.1,925,113,,0.65,,16.194,7.009760426,29.45054945,36.66614099,5.360572012,340
C18,160,160NC,sample,figginsi,NC,F,no,non-visited,2016,6/22/2016,june,late,NRF,27.5,37.6,730,142,0.956,0.184,1.117,50.032,16.75741077,8.982035928,20.91701402,0.45805169,320.4545455
C179,98/0,98/0ALC,sample,inornata,ALC,M,high,visited,2016,9/9/2016,september,post,M,27,36.7,725,124,,0.673,,23.044,0,9.523809524,46.16855053,7.073340143,333.2894737
C178,35/9,35/9ALC,sample,inornata,ALC,M,high,visited,2016,9/9/2016,september,post,M,33.7,43.1,1340,235,,9.048,,7.414,13.39840284,25,94.78889628,4.406128703,333.2894737
C177,14/9,14/9ALC,sample,inornata,ALC,F,high,visited,2016,9/9/2016,september,post,Post,25,34.2,505,140,0.081,1.617,0.679,4.34,2.040816327,14.28571429,19.57280585,1.738917263,307.2
C176,30/70A,30/70AALC,sample,inornata,ALC,M,high,visited,2016,9/9/2016,september,post,M,23.4,31.9,470,134,,1.861,,1.917,3.992901508,6.666666667,17.20412234,0.836772217,330.3070175
C175,65/0,65/0ALC,sample,inornata,ALC,F,high,visited,2016,9/9/2016,september,post,Post,28.7,20,665,145,0.591,1.709,0.545,1.457,7.187222715,30,27.5099734,1.582022472,306
C174,31/9,31/9ALC,sample,inornata,ALC,F,high,visited,2016,9/9/2016,september,post,Post,28.5,36.9,645,118,0.264,1.194,0.258,1.23,5.057675244,12.14285714,12.75764628,0.967517875,304.8
C173,75/7B,75/7BALC,sample,inornata,ALC,M,high,visited,2016,9/9/2016,september,post,M,33.1,36.4*,1225,141,,3.072,,1.356,9.849157054,23.0952381,52.9005984,2.967926456,271.6535433
C172,152/B,152/BALC,sample,inornata,ALC,F,high,visited,2016,9/9/2016,september,post,Post,31,38.1,1010,124,0.47,2.04,0.654,0.994,2.395740905,14.52380952,9.848736702,1.137487232,312
C171,88/0,88/0ALC,sample,inornata,ALC,M,high,visited,2016,9/9/2016,september,post,M,33.1,39.5,1435,142,,4.215,,1.108,3.105590062,30.71428571,47.99700798,2.51031665,294.488189
C170,24/6B,24/6BALC,sample,inornata,ALC,F,high,visited,2016,9/9/2016,september,post,Post,28.2,37.1,745,145,0.921,2.36,0.811,82.555,10.02661934,11.19047619,35.03158245,2.784882533,306
C17,41,41NAC,sample,figginsi,NAC,F,no,non-visited,2016,6/20/2016,june,NA,NA,25.7,15.7/25.0,660,142,,,,27.005,31.57543391,51.00298762,76.212184,5.846208742,301.2
C169,216,216NC,sample,figginsi,NC,M,no,non-visited,2016,9/7/2016,september,post,M,29.2,22.5/29.5,1140,139,,10.448,,10.588,9.352517986,,,2.676489707,302.5069638
C168,138,138NC,sample,figginsi,NC,F,no,non-visited,2016,9/7/2016,september,post,Post,25.4,25.8,605,147,0.415,0.394,0.806,12.683,12.07034373,7.071024513,50.5622788,0.748862405,302.15311
C167,140,140NC,sample,figginsi,NC,F,no,non-visited,2016,9/7/2016,september,post,Post,31.6,45.2,1090,112,0.053,0.52,1.094,2.543,15.26778577,1.885606537,20.29341249,1.511592633,300.7177033
C166,224,224NC,sample,figginsi,NC,F,no,non-visited,2016,9/7/2016,september,post,Post,26.3,34.6,730,133,1.546,0.853,1.335,1.326,8.073541167,10.60653677,35.36362598,1.220368364,302.8708134
C165,225,225NC,sample,figginsi,NC,M,no,non-visited,2016,9/7/2016,september,post,M,32,44.3,1565,128,,6.206,,17.847,13.98880895,13.67064739,53.68763557,0.553165829,302.4
C164,,NA,sample,figginsi,NC,M,no,non-visited,2016,9/7/2016,september,post,M,,,1495,123,,0.568,,11.451,7.59392486,11.78504085,65.11873502,0.64321608,307.2
C163,222,222NC,sample,figginsi,NC,M,no,non-visited,2016,9/7/2016,september,post,M,33.5,42.2,1620,118,,18.518,,3.421,14.30855316,12.49214331,75.5223199,0.784723618,306
C162,212,212NC,sample,figginsi,NC,F,no,non-visited,2016,9/7/2016,september,post,Post,28.1,38.2,815,143,1.182,,,11.758,26.77857714,44.54745443,57.58362827,10.40723618,
C161,215,215NC,sample,figginsi,NC,F,no,non-visited,2016,9/7/2016,september,post,Post,28.2,39.9,725,122,0.287,0.446,0.453,9.816,21.98241407,3.535512256,29.36979107,2.058291457,301.4354067
C160,217,217NC,sample,figginsi,NC,M,no,non-visited,2016,9/7/2016,september,post,M,34.5,46.1,1880,120,,1.508,,0.86,7.274180655,8.720930233,48.29318415,1.955376884,306
C16,134,134NAC,sample,figginsi,NAC,F,no,non-visited,2016,6/20/2016,june,NA,NA,26.7,37,840,153,,,,11.566,33.51482154,97.52454119,79.44467468,12.95985727,315.6
C159,214,214NC,sample,figginsi,NC,F,no,non-visited,2016,9/7/2016,september,post,Post,27.6,28.3/32.6,750,108,0.04,0.766,0.918,0.901,6.155075939,4.949717159,17.63899989,2.225527638,300
C158,223,223NC,sample,figginsi,NC,M,no,non-visited,2016,9/7/2016,september,post,M,33.4,40.5,1550,129,,6.312,,3.618,3.277378098,7.071024513,45.63877155,1.312160804,306
C157,219,219NC,sample,figginsi,NC,M,no,non-visited,2016,9/7/2016,september,post,M,26.9,40.2,955,121,,6.235,,9.35,4.876099121,31.95541761,39.754014,1.234974874,308.4
C156,213,213NC,sample,figginsi,NC,F,no,non-visited,2016,9/7/2016,september,post,Post,27.4,36.2,730,108,0.448,0.798,1.099,3.599,1.518784972,7.195259594,38.90489914,1.402211055,300
C155,220,220NC,sample,figginsi,NC,M,no,non-visited,2016,9/7/2016,september,post,M,31,30.1/34.6,1440,113,,8.378,,1.101,11.11111111,13.96726862,59.631021,1.788140704,306
C154,218,218NC,sample,figginsi,NC,M,no,non-visited,2016,9/7/2016,september,post,M,28,41.3,920,83,,0.65,,0.919,39.88808953,137.979684,39.59962948,27.37527638,
C153,221,221NC,sample,figginsi,NC,F,no,non-visited,2016,9/7/2016,september,post,Post,26,33.6,860,127,0.766,0.541,1.335,2.169,12.54996003,17.14164786,82.5957184,1.891055276,294.2583732
C152,135,135NC,sample,figginsi,NC,F,no,non-visited,2016,9/6/2016,september,post,Post,26.8,38.3,835,128,0.407,0.395,0.449,16.911,9.992006395,16.29514673,27.0558872,3.20321608,302.15311
C151,210,210NC,sample,figginsi,NC,M,no,non-visited,2016,9/6/2016,september,post,M,32.5,21.8,1305,153,,5.792,,9.013,13.02957634,22.85553047,13.97179909,0.141507538,297.6
C150,207,207NC,sample,figginsi,NC,M,no,non-visited,2016,9/6/2016,september,post,M,27.7,19.5/23.8,985,146,,5.421,,7.526,7.59392486,21.16252822,67.31165089,3.010251256,302.4
C15,16,16NAC,sample,figginsi,NAC,M,no,non-visited,2016,6/20/2016,june,NA,NA,27.8,37.6,755,160,,,,2.741,40.78771696,,,,
C149,208,208NC,sample,figginsi,NC,M,no,non-visited,2016,9/6/2016,september,post,M,21.1,31.6,435,149,,0.977,,2.914,11.91047162,30.26241535,35.00669,4.502512563,291.6
C148,211,211NC,sample,figginsi,NC,M,no,non-visited,2016,9/6/2016,september,post,M,29.5,41.2,1155,131,,0.315,,12.053,2.797761791,5.502257336,36.66632359,2.264120603,292.4791086
C147,209,209NC,sample,figginsi,NC,F,no,non-visited,2016,9/6/2016,september,post,Post,33,44,1555,129,0.04,0.562,,1.087,12.70983213,3.174379233,32.5751338,0.360201005,304.3062201
C146,206,206NC,sample,figginsi,NC,M,no,non-visited,2016,9/6/2016,september,post,M,27.8,38.6,1000,145,,7.184,,26.222,96.35563933,5.502257336,58.08717579,2.071155779,301.6713092
C145,204,204NC,sample,figginsi,NC,M,no,non-visited,2016,9/6/2016,september,post,M,23.7,36.8,595,164,,0.176,,8.065,63.99622997,4.444130926,41.2978592,1.144924623,301.6713092
C144,28,28NC,sample,figginsi,NC,M,no,non-visited,2016,9/6/2016,september,post,M,28.5,36,1000,121,,1.012,,15.951,6.377631166,18.83465011,46.4311445,2.843015075,303.3426184
C143,29,29NC,sample,figginsi,NC,M,no,non-visited,2016,9/6/2016,september,post,M,26.6,31.6,890,132,,0.742,,11.796,21.26924285,13.96726862,51.91179498,0.913366834,302.5069638
C142,205,205NC,sample,figginsi,NC,M,no,non-visited,2016,9/6/2016,september,post,M,32.3,42.2,1555,114,,5.684,,3.357,6.817467798,12.27426637,49.86620008,2.032562814,298.3286908
C141,22,22WBC,sample,figginsi,WBC,M,moderate,visited,2016,9/5/2016,september,post,M,36.7,47.5,1595,152,,4.023,,44.957,17.82573941,34.49492099,25.74361877,3.370452261,294.9860724
C140,127,127WBC,sample,figginsi,WBC,M,moderate,visited,2016,9/5/2016,september,post,M,29.5,42.6,1020,142,,0.379,,3.303,13.34932054,17.7765237,27.90500206,1.029145729,299.1643454
C14,100,100NAC,sample,figginsi,NAC,M,no,non-visited,2016,6/20/2016,june,NA,NA,31.5,41.1,1295,157,,,,58.873,22.09612817,35.63807085,75.30045586,5.686351472,313.2
C139,4,4WBC,sample,figginsi,WBC,F,moderate,visited,2016,9/5/2016,september,post,Post,32.1,43.8,1280,136,0.907,0.957,2.185,25,18.46522782,19.25790068,40.33295595,2.276984925,293.3147632
C138,155,155WBC,sample,figginsi,WBC,M,moderate,visited,2016,9/5/2016,september,post,M,20.3,32,325,144,,0.67,,8.115,16.31799163,35.5530474,81.90098806,-0.231557789,310.8635097
C137,83,83WBC,sample,figginsi,WBC,M,moderate,visited,2016,9/5/2016,september,post,M,32.1,43.4,1250,141,,2.873,,4.044,5.962264151,24.9717833,32.11198024,1.325025126,303.3426184
C136,21,21WBC,sample,figginsi,WBC,F,moderate,visited,2016,9/5/2016,september,post,Post,29.2,38.4,770,148,0.041,0.403,0.941,20.893,7.622641509,11.54934004,21.40655326,1.132060302,
C135,99,99WBC,sample,figginsi,WBC,M,moderate,visited,2016,9/5/2016,september,post,M,31.5,25.2/34.4,1305,124,,10.045,,12.266,15.32075472,5.421118793,32.92327891,1.646633166,304.178273
C134,42,42WBC,sample,figginsi,WBC,F,moderate,visited,2016,9/5/2016,september,post,Post,28.6,30.0/31.0,730,128,0.473,0.909,0.652,28.42,7.471698113,14.61345066,63.0637059,5.274371859,307.5208914
C133,121,121WBC,sample,figginsi,WBC,M,moderate,visited,2016,9/5/2016,september,post,M,29.7,43.3,1155,147,,0.443,,2.132,12.30188679,9.192331867,17.76743921,1.695007882,300.8356546
C132,157,157WBC,sample,figginsi,WBC,F,moderate,visited,2016,9/5/2016,september,post,Post,25.2,39.4,720,124,0.04,0.89,1.628,23.097,4.754716981,19.79886864,25.04566731,3.363110878,303.3426184
C131,159,159WBC,sample,figginsi,WBC,F,moderate,visited,2016,9/5/2016,september,post,Post,27.3,29.2,710,130,0.039,0.436,1.372,27.372,16.52830189,4.478315525,22.69094646,1.53357856,301.6713092
C130,16,16WBC,sample,figginsi,WBC,F,moderate,visited,2016,9/5/2016,september,post,Post,28.5,39,780,146,0.467,0.366,0.989,26.64,17.73584906,10.60653677,32.58077406,0.618812401,301.6713092
C13,131,131NAC,sample,figginsi,NAC,F,no,non-visited,2016,6/20/2016,june,NA,NA,26.7,37,840,164,,,,19.874,20.08469449,44.60093897,80.35640282,5.412310437,316.8
C129,147,147WBC,sample,figginsi,WBC,M,moderate,visited,2016,9/5/2016,september,post,M,30.8,45.1,1220,122,,0.313,,1.972,11.24528302,16.26335638,37.67553374,2.179295849,301.6713092
C128,28,28WBC,sample,figginsi,WBC,M,moderate,visited,2016,9/5/2016,september,post,M,34.4,45.9,1520,127,,5.257,,44.834,4.905660377,8.485229415,23.84690033,0.76678928,301.6713092
C127,79,79WBC,sample,figginsi,WBC,F,moderate,visited,2016,9/5/2016,september,post,Post,30.6,27.3/32.1,985,118,0.197,0.38,0.169,1.677,11.39622642,15.55625393,19.99372074,0.390120862,286.6295265
C126,18,18WBC,sample,figginsi,WBC,F,moderate,visited,2016,9/5/2016,september,post,Post,30.4,40.6,940,121,0.337,0.613,0.252,8.525,2.79245283,8.95663105,35.70613084,0.511192853,287.4651811
C125,84,84LC,sample,figginsi,LC,M,high,visited,2016,9/4/2016,september,post,M,36.8,49.3,2145,151,,1.476,,1.1,6.716981132,28.61873226,51.21460622,3.430373095,306
C124,42,42LC,sample,figginsi,LC,M,high,visited,2016,9/4/2016,september,post,M,43.9,56.2,4255,151,,4.274,,0.901,12.45283019,33.34910123,42.12440043,3.215133999,290.4
C123,76,76LC,sample,figginsi,LC,M,high,visited,2016,9/4/2016,september,post,M,30.5,43.1,1310,136,,0.192,,0.798,13.96226415,62.44087039,96.5882717,5.259905413,318
C122,79,79LC,sample,figginsi,LC,F,high,visited,2016,9/4/2016,september,post,Post,21.9,34.7,570,137,,,,2.378,28.75471698,142.384106,88.7745629,18.37603783,
C121,82,82LC,sample,figginsi,LC,F,high,visited,2016,9/4/2016,september,post,Post,38.1,49.7,2580,124,1.328,0.545,2.86,1.025,17.88679245,47.30368969,95.27309299,7.170152391,298.5645933
C120,80,80LC,sample,figginsi,LC,F,high,visited,2016,9/4/2016,september,post,Post,32.2,44.2,1535,134,1.229,1.157,1.824,0.843,16.67924528,35.47776727,53.88364537,4.735260116,288.5167464
C12,133,133NAC,sample,figginsi,NAC,M,no,non-visited,2016,6/20/2016,june,NA,NA,28.1,38.3,1080,205,,,,2.081,21.69559413,,,,
C119,81,81LC,sample,figginsi,LC,F,high,visited,2016,9/4/2016,september,post,Post,28.9,42,1095,210,1.115,0.934,2.061,2.572,24.98113208,52.743614,72.18010212,6.833841303,297.84689
C118,83,83LC,sample,figginsi,LC,F,high,visited,2016,9/4/2016,september,post,Post,32.8,44.1,1665,181,0.304,0.184,2.742,0.938,9.886792453,30.7473983,47.50116045,2.838465581,302.15311
C117,78,78LC,sample,figginsi,LC,M,high,visited,2016,9/4/2016,september,post,M,44.5,56.3,4370,132,,12.416,,1.072,29.96226415,74.03027436,98.67708495,5.798003153,307.2
C116,103/8A,103/8AALC,sample,inornata,ALC,M,high,visited,2016,9/3/2016,september,post,M,24,29,540,170,,0.348,,1.074,10.02661934,22.85714286,15.87433511,1.255158325,296.0629921
C115,84/7A,84/7AALC,sample,inornata,ALC,F,high,visited,2016,9/3/2016,september,post,Post,24.5,34.9,680,168,0.083,1.449,0.395,1.065,10.55900621,12.14285714,13.17320479,3.412461696,306
C114,117A,117AALC,sample,inornata,ALC,F,high,visited,2016,9/3/2016,september,post,Post,25.9,35.7,695,170,0.168,1.232,0.436,13.87,9.316770186,30.47619048,22.81416223,2.013483146,304.8
C113,117A,117AALC,sample,inornata,ALC,F,high,visited,2016,9/3/2016,september,post,Post,25.9,35.7,650,147,0.087,0.679,0.994,10.227,14.46317657,13.33333333,44.54787234,2.994075587,291.6
C112,85/7B,85/7BALC,sample,inornata,ALC,F,high,visited,2016,9/3/2016,september,post,Post,27.1,37.3,715,143,0.337,0.573,1.238,5.401,10.38154392,12.38095238,32.74601064,1.137487232,294
C111,51/8A,51/8AALC,sample,inornata,ALC,F,high,visited,2016,9/3/2016,september,post,Post,31.3,40.2,1070,123,0.09,0.659,1.448,11.679,10.20408163,30,22.31549202,3.216343207,305.0239234
C110,95/8A,95/8AALC,sample,inornata,ALC,M,high,visited,2016,9/3/2016,september,post,M,30.5,40.2,1105,147,,1.395,,7.667,8.961845608,34.28571429,68.56715426,2.471092952,301.5748031
C11,38,38NAC,sample,figginsi,NAC,M,no,non-visited,2016,6/20/2016,june,NA,NA,27.1,37.7,815,144,,,,12.855,14.21895861,33.29065301,64.48404476,2.158073149,319.2
C109,21/0C,21/0CALC,sample,inornata,ALC,F,high,visited,2016,9/3/2016,september,post,Post,25.7,33.6,590,152,0.756,0.83,0.856,12.243,14.46317657,19.52380952,34.40824468,1.490500511,302.15311
C108,14/9D,14/9DALC,sample,inornata,ALC,M,high,visited,2016,9/3/2016,september,post,M,31.7,39.3,1300,163,,5.337,,1.065,11.97870453,32.85714286,26.13863032,3.033299285,266.1417323
C107,5D,5DALC,sample,inornata,ALC,F,high,visited,2016,9/3/2016,september,post,Post,28,36,820,147,,,,3.237,9.139307897,50.23809524,8.18650266,6.341164454,
C106,158B,158BALC,sample,inornata,ALC,M,high,visited,2016,9/3/2016,september,post,M,30.5,38,1035,156,,0.917,,7.813,38.95297249,86.66666667,160.1978059,11.85863126,293.7007874
C105,32C,32CALC,sample,inornata,ALC,M,high,visited,2016,9/3/2016,september,post,M,39.6,46.2,2900,137,,7.172,,3.675,19.60958296,50.71428571,57.51329787,3.726251277,292.9133858
C104,24D,24DALC,sample,inornata,ALC,M,high,visited,2016,9/3/2016,september,post,M,32.3,40.3,1270,130,,1.054,,4.446,11.80124224,8.095238095,42.8025266,1.664785276,266.9291339
C103,91/0A,91/0AALC,sample,inornata,ALC,F,high,visited,2016,9/3/2016,september,post,Post,30,21.7+4.8,950,153,1.164,0.552,0.484,12.602,9.316770186,23.57142857,41.55585106,3.345276074,300.7177033
C102,14/8A,14/8AALC,sample,inornata,ALC,M,high,visited,2016,9/3/2016,september,post,M,33.5,44.5,1600,142,,0.082,,0.994,8.42945874,38.57142857,47.08277926,2.151656442,301.6713092
C101,40/80B,40/80BALC,sample,inornata,ALC,F,high,visited,2016,9/3/2016,september,post,Post,23.5,34.1,610,143,1.178,0.787,0.486,10.563,16.06033718,38.33333333,55.97573138,2.952638037,302.15311
C100,81/9B,81/9BALC,sample,inornata,ALC,F,high,visited,2016,9/3/2016,september,post,Post,24.1,33.6,510,146,0.849,0.388,1.426,22.794,17.3025732,49.76190476,63.99601064,4.334723926,299.1643454
C10,146,146WBC,sample,figginsi,WBC,F,moderate,visited,2016,6/20/2016,june,late,NA,27,38.3,760,112,1.118,#REF!,1.595,7.004,24.36582109,19.20614597,26.73021136,1.747011597,313.6363636
C1,111,111WBC,sample,figginsi,WBC,F,moderate,visited,2016,6/20/2016,june,late,RF,27.5,28.1/32.5,920,86,0.663,#REF!,2.441,6.546,16.28838451,25.60819462,53.25321177,2.580553078,296.4
135,24C,24CUC,sample,inornata,UC,M,moderate,visited,2016,5/24/2016,may,early,M,20.1,27.6,342,207,,0.192,,19.256,21.32982225,,,7.973303671,295.2755906
134,197B,197BUC,sample,inornata,UC,F,moderate,visited,2016,5/24/2016,may,early,RF,28.4,35.3,970,175,0.264,6.143,1.965,8.933,62.14614878,,,39.65294772,
133,72C,72CUC,sample,inornata,UC,F,moderate,visited,2016,5/24/2016,may,early,RF,24.6,33,533,158,0.302,7.159,1.268,26.985,10.07241606,,,7.318353726,340.745614
132,190B,190BUC,sample,inornata,UC,M,moderate,visited,2016,5/24/2016,may,early,M,41,50.2,3308,134,,41.21,,33.282,19.22317314,,,8.770634038,301.5748031
131,118B,118BUC,sample,inornata,UC,F,moderate,visited,2016,5/24/2016,may,early,NRF,26.9,33.5,719,140,1.05,11.12,1.586,22.689,28.30809743,,,3.374416018,334.7807018
130,117C,117CUC,sample,inornata,UC,F,moderate,visited,2016,5/24/2016,may,early,RF,21.6,27.1,427,138,0.072,9.989,1.517,14.95,51.7445688,,,37.83047831,341.4912281
129,61/0A,61/0AUC,sample,inornata,UC,F,moderate,visited,2016,5/24/2016,may,early,NRF,22.2,30.8,410,167,0.353,10.791,1.319,14.785,7.307439105,,,3.488320356,340.745614
128,62/0A,62/0AUC,sample,inornata,UC,F,moderate,visited,2016,5/24/2016,may,early,NRF,23.6,,535,183,0.082,7.217,0.801,7.09,31.20473996,,,7.816685206,329.5614035
127,10/0C,10/0CUC,sample,inornata,UC,F,moderate,visited,2016,5/24/2016,may,early,NRF,27.6,,825,206,,,,,63.98946675,,,,
126,37C,37CUC,sample,inornata,UC,M,moderate,visited,2016,5/24/2016,may,early,M,21,,360,167,,4.638,,11.366,1.053324556,15.64828614,27.17704136,0.811568409,285.0393701
125,35B,35BUC,sample,inornata,UC,F,moderate,visited,2016,5/24/2016,may,early,RF,27.2,33.7,695,145,0.288,8.305,1.143,21.946,21.65898618,126.9249876,302.9767289,24.51790879,335.5263158
124,102A,102AUC,sample,inornata,UC,F,moderate,visited,2016,5/24/2016,may,early,NRF,35.5,40.3,1407,163,0.574,13.578,1.007,25.441,13.42988808,28.81271734,61.42586958,7.005116796,338.5087719
123,17B,17BUC,sample,inornata,UC,F,moderate,visited,2016,5/24/2016,may,early,RF,26.8,35.2,792,144,0.086,8.236,0.729,12.42,45.02962475,213.3631396,320.3683908,40.73503893,345.9649123
122,50/0A,50/0AUC,sample,inornata,UC,F,moderate,visited,2016,5/24/2016,may,early,NRF,23.5,31,543,162,0.088,9.671,0.991,15.855,9.61158657,31.04818679,52.95617137,4.100556174,344.4736842
121,22/0D,22/0DUC,sample,inornata,UC,F,moderate,visited,2016,5/24/2016,may,early,NRF,26.6,33.6,690,145,0.088,20.686,1.481,,14.35154707,38.74813711,61.22029438,5.154171301,340.745614
120,5/0C,5/0CUC,sample,inornata,UC,M,moderate,visited,2016,5/24/2016,may,early,M,25.2,34,700,147,,0.075,,9.219,30.87557604,46.94485842,53.53178193,6.663403782,300
119,9/0A,9/0AUC,sample,inornata,UC,F,moderate,visited,2016,5/24/2016,may,early,NRF,24.7,32.2,600,124,0.078,11.364,0.586,14.106,5.003291639,16.14505713,34.04325302,0.62647386,337.0175439
118,185B,185BUC,sample,inornata,UC,M,moderate,visited,2016,5/24/2016,may,early,M,34.5,41.8,1850,131,,23.619,,9.974,17.77485188,31.29657228,26.27251048,3.51679644,292.9133858
117,35C,35CUC,sample,inornata,UC,M,moderate,visited,2016,5/24/2016,may,early,M,25.8,32.6,640,174,,1.179,,16.445,7.718696398,24.09339295,56.12202944,2.149944383,303.1496063
116,83D,83DUC,sample,inornata,UC,F,moderate,visited,2016,5/24/2016,may,early,NRF,21.6,27.8,,167,0.081,25.588,0.842,8.691,9.36535163,34.02881272,41.73176548,1.56618465,334.0350877
115,89C,89CUC,sample,inornata,UC,M,moderate,visited,2016,5/24/2016,may,early,M,28.3,35.8,1000,87,,0.084,,7.645,17.64318631,21.36115251,28.32826248,9.22625139,
114,57B,57BUC,sample,inornata,UC,M,moderate,visited,2016,5/23/2016,may,early,M,39.1,45.7,2710,154,,40.622,,44.681,8.117154812,34.94505495,28.97807917,2.246587216,292.9133858
113,11/0B,11/0BUC,sample,inornata,UC,F,moderate,visited,2016,5/23/2016,may,early,RF,31.1,40.5,1218,156,0.073,16.566,2.626,26.824,18.15899582,354.5054945,294.8667403,42.60195016,328.8157895
112,33C,33CUC,sample,inornata,UC,M,moderate,visited,2016,5/23/2016,may,early,M,28.2,37.6,880,169,,0.775,,31.752,7.782426778,43.2967033,44.86674026,0.943011918,289.7637795
111,107C,107CUC,sample,inornata,UC,F,moderate,visited,2016,5/23/2016,may,early,RF,22,28.9,460,153,0.081,8.011,1.728,34.873,22.17573222,230.3296703,309.257215,35.51549296,336.2719298
110,113B,113BUC,sample,inornata,UC,F,moderate,visited,2016,5/23/2016,may,early,RF,27,33.5,750,162,0.076,8.602,1.548,30.125,23.84937238,308.7912088,288.0460495,40.39696641,325.0877193
109,110B,110BUC,sample,inornata,UC,F,moderate,visited,2016,5/23/2016,may,early,RF,27.5,35.6,845,153,0.065,22.575,2.232,19.6,71.21338912,473.4065934,409.6357041,27.73564464,348.2017544
108,63C,63CUC,sample,inornata,UC,M,moderate,visited,2016,5/23/2016,may,early,M,31.5,36.8,1165,157,,0.08,,20.744,42.71012007,284.3956044,322.7014666,34.31368187,296.8503937
107,102C,102CUC,sample,inornata,UC,M,moderate,visited,2016,5/23/2016,may,early,M,39,,2103,147,,31.703,,16.328,9.22813036,40,31.26478473,3.502558398,302.3622047
106,2/0C,2/0CUC,sample,inornata,UC,M,moderate,visited,2016,5/23/2016,may,early,M,28,37.3,765,166,,23.969,,11.191,11.21783877,20.21978022,32.44756348,1.480756396,264.5669291
105,189B,189BUC,sample,inornata,UC,F,moderate,visited,2016,5/23/2016,may,early,RF,29.5,38.2,1188,137,2.022,,3.567,21.538,19.60958296,129.2307692,222.9143668,28.07741935,347.4561404
104,16D,16DUC,sample,inornata,UC,F,moderate,visited,2016,5/23/2016,may,early,RF,29,36.8,965,148,0.074,8.751,1.851,13.997,55.60891938,516.4835165,352.3103611,40.0516129,
103,101C,101CUC,sample,inornata,UC,M,moderate,visited,2016,5/23/2016,may,early,M,42.5,48.6,3382,103,,46.689,,22.321,7.581475129,39.12087912,22.23624034,5.339265851,303.1496063
102,12/0B,12/0BUC,sample,inornata,UC,M,moderate,visited,2016,5/23/2016,may,early,M,25,34.6,680,163,,0.105,,4.98,24.04802744,67.69230769,91.62592651,9.089952656,349.3089961
101,165C,165CUC,sample,inornata,UC,F,moderate,visited,2016,5/23/2016,may,early,NRF,19.6,25,340,131,0.782,,0.494,15.025,4.150943396,24.61538462,36.39015928,3.191583377,355.071708
100,73A,73AFRRC,sample,inornata,FRRC,F,no,non-visited,2016,5/22/2016,may,early,NRF,25.5,32.8,710,140,0.16,22.985,2.992,7.381,17.66723842,119.5238095,63.08178191,28.40105208,347.535854
99,71A,71AFRRC,sample,inornata,FRRC,F,no,non-visited,2016,5/22/2016,may,early,NRF,25.1,33.6,705,143,1.047,14.365,0.381,20.269,6.758147513,27.38095238,16.66389628,2.060389269,350.1955671
98,170A,170AFRRC,sample,inornata,FRRC,M,no,non-visited,2016,5/22/2016,may,early,M,24.7,33.1,665,98,,3.601,,9.873,3.46483705,13.80952381,14.50299202,0.65986323,348.422425
97,19B,19BFRRC,sample,inornata,FRRC,M,no,non-visited,2016,5/22/2016,may,early,M,27.3,35.8,798,163,,5.059,,7.288,3.121783877,22.61904762,23.10505319,1.737190952,349.7522816
96,50C,50CFRRC,sample,inornata,FRRC,M,no,non-visited,2016,5/22/2016,may,early,M,32.2,41.9,1350,150,,0.83,,24.834,17.39279588,9.047619048,27.1775266,1.548658601,369.2568449
95,87B,87BFRRC,sample,inornata,FRRC,F,no,non-visited,2016,5/22/2016,may,early,NRF,24.2,32.2,645,151,0.784,10.496,1.222,9.219,8.473413379,22.14285714,53.77327128,2.86838506,358.1747066
94,158B,158BFRRC,sample,inornata,FRRC,F,no,non-visited,2016,5/22/2016,may,early,RF,25,34,690,131,0.303,14.508,2.422,6.638,20.41166381,133.5714286,93.5837766,31.0270384,343.1029987
93,31A,31AFRRC,sample,inornata,FRRC,M,no,non-visited,2016,5/22/2016,may,early,M,39.5,48.4,2207,128,,0.075,,12.761,48.47341338,,,5.494371383,342.6597132
92,104A,104AFRRC,sample,inornata,FRRC,M,no,non-visited,2016,5/22/2016,may,early,M,25.3,32,585,131,,5.384,,9.326,4.768439108,24.76190476,9.142287234,1.198527091,354.6284224
91,8A,8AFRRC,sample,inornata,FRRC,F,no,non-visited,2016,5/22/2016,may,early,RF,25.1,33.6,705,143,0,11.515,3.809,13.098,26.38078902,205,275.5984043,35.52488164,328.4745763
90,140A,140AFRRC,sample,inornata,FRRC,F,no,non-visited,2016,5/22/2016,may,early,NRF,23.7,31.5,495,131,0.191,15.005,0.269,6.191,8.542024014,22.85714286,9.848736702,5.871436086,350.1955671
89,152A,152AFRRC,sample,inornata,FRRC,M,no,non-visited,2016,5/22/2016,may,early,M,26.5,34.4,700,165,,0.086,,21.651,5.248713551,22.85714286,9.225398936,1.481325618,353.7418514
88,20A,20AFRRC,sample,inornata,FRRC,M,no,non-visited,2016,5/22/2016,may,early,M,25.7,34.6,737,135,,16.749,,7.124,27.40994854,17.14285714,10.51363032,1.844923724,367.9269883
87,61C,61CFRRC,sample,inornata,FRRC,F,no,non-visited,2016,5/22/2016,may,early,NRF,30.5,40.5,1125,147,0.487,10.078,0.939,19.337,6.895368782,7.142857143,24.97506649,2.208521831,348.8657106
86,17B,17BFRRC,sample,inornata,FRRC,F,no,non-visited,2016,5/22/2016,may,early,NRF,24.4,32.2,585,146,0.604,10.975,0.645,10.605,10.25728988,15.71428571,46.41788564,2.827985271,341.7731421
85,9A,9AFRRC,sample,inornata,FRRC,M,no,non-visited,2016,5/22/2016,may,early,M,38,48.2,2045,153,,12.069,,18.436,7.718696398,15.23809524,22.23238032,1.158127301,355.5149935
84,70B,70BFRRC,sample,inornata,FRRC,F,no,non-visited,2016,5/22/2016,may,early,RF,29.5,38.7,955,139,,,0.29,15.999,34.40823328,38.80952381,1.620678191,5.453971594,352.4119948
83,16B,16BFRRC,sample,inornata,FRRC,M,no,non-visited,2016,5/22/2016,may,early,M,37,45.6,1875,152,,12.709,,14.106,14.8542024,40.95238095,43.96609043,6.383166754,349.3089961
82,15B,15BFRRC,sample,inornata,FRRC,F,no,non-visited,2016,5/22/2016,may,early,NRF,23.1,30.9,560,121,0.055,12.622,0.291,7.607,6.689536878,11.66666667,23.06349734,1.333193056,352.8552803
80,62A,62AFRRC,sample,inornata,FRRC,F,no,non-visited,2016,5/22/2016,may,early,NRF,33,42.9,1460,142,0.075,5.727,,21.173,18.07890223,20.71428571,10.72140957,1.97958969,349.7522816
79,27A,27AFRRC,sample,inornata,FRRC,M,no,non-visited,2016,5/22/2016,may,early,M,28,37.3,985,126,,0.305,,8.748,9.159519726,24.52380952,45.66988032,3.56864808,369.7001304
78,38A,38AFRRC,sample,inornata,FRRC,M,no,non-visited,2016,5/22/2016,may,early,M,43.5,53,3177,134,,22.321,,17.063,10.39451115,22.85714286,17.53656915,1.737190952,350.1955671
77,23B,23BFRRC,sample,inornata,FRRC,M,no,non-visited,2016,5/22/2016,may,early,M,28.8,37.2,1095,125,,0.074,,7.898,42.43567753,31.9047619,17.45345745,7.123829563,341.7731421
76,78B,78BFRRC,sample,inornata,FRRC,F,no,non-visited,2016,5/22/2016,may,early,RF,26.5,35.7,863,133,0.384,8.61,,5.718,18.14751286,129.047619,244.4730718,29.04744871,339.1134289
75,151A,151AFRRC,sample,inornata,FRRC,F,no,non-visited,2016,5/22/2016,may,early,NRF,28.7,38,985,135,0.459,6.101,,45.192,5.38593482,15.47619048,20.40392287,2.316254603,354.6284224
74,32A,32AFRRC,sample,inornata,FRRC,M,no,non-visited,2016,5/22/2016,may,early,M,35.7,46.1,1680,126,,3.539,,9.482,0,18.0952381,10.67985372,2.154655445,345.3194263
73,54A,54AFRRC,sample,inornata,FRRC,M,no,non-visited,2016,5/22/2016,may,early,M,42.5,53,2583,151,,16.585,,9.417,9.433962264,28.33333333,14.75232713,1.171593898,351.5254237
72,150A,150AFRRC,sample,inornata,FRRC,M,no,non-visited,2016,5/22/2016,may,early,M,32,41.5,1411,132,,0.081,,16.218,2.504288165,11.9047619,23.10505319,2.720252499,347.9791395
71,14B,14BFRRC,sample,inornata,FRRC,M,no,non-visited,2016,5/22/2016,may,early,M,21.7,30.1,465,156,,0.08,,6.331,16.29502573,15.23809524,19.11569149,1.97958969,346.2059974
70,49A,49AFRRC,sample,inornata,FRRC,M,no,non-visited,2016,5/22/2016,may,early,M,33.5,43.3,1170,118,,0.088,,3.996,4.974271012,4.047619048,26.51263298,1.252393477,345.7627119
68,15/6A,15/6AALC,sample,inornata,ALC,F,high,visited,2016,5/21/2016,may,early,RF,27.5,35.3,761,130,1.435,7.732,0.924,12.261,13.64016736,39.99144568,56.15763547,0.346695558,342.9824561
67,32/9B,32/9BALC,sample,inornata,ALC,F,high,visited,2016,5/21/2016,may,early,NRF,31.3,37.3,1185,146,0.624,2.407,0.25,,0.083682008,24.5936698,51.72413793,,342.2368421
66,113/0A,113/0AALC,sample,inornata,ALC,F,high,visited,2016,5/21/2016,may,early,RF,30.1,37.3,973,141,0.865,5.365,0.335,18.198,3.765690377,65.51561022,108.3088349,0.818201517,344.4736842
65,14/7B,14/7BALC,sample,inornata,ALC,M,high,visited,2016,5/21/2016,may,early,M,24.5,33.8,605,157,,0.085,,16.902,18.9958159,156.7579127,291.5119363,38.09490791,300
64,90E,90EALC,sample,inornata,ALC,M,high,visited,2016,5/21/2016,may,early,M,32.2,38.1,1150,140,,,,10.697,0,,,,
63,97C,97CALC,sample,inornata,ALC,M,high,visited,2016,5/21/2016,may,early,M,30,37,865,129,,0.794,,11.96,11.46443515,53.92620624,86.29893238,1.608667389,290.5511811
62,14E,14EALC,sample,inornata,ALC,F,high,visited,2016,5/21/2016,may,early,RF,26,33.5,635,117,0.475,1.764,0.581,6.843,10.12552301,137.8902554,248.7621847,24.4212351,345.9649123
61,77B,77BALC,sample,inornata,ALC,F,high,visited,2016,5/20/2016,may,early,RF,33.1,42.2,1120,162,0.082,7.867,0.973,15.342,20,384.1059603,490.36825,39.07952329,342.2368421
60,69/0A,69/0AALC,sample,inornata,ALC,M,high,visited,2016,5/20/2016,may,early,M,42.5,50.3,2845,151,,33.747,,13.211,7.782426778,32.87606433,29.47547579,2.080173348,299.2125984
59,114A,114AALC,sample,inornata,ALC,M,high,visited,2016,5/20/2016,may,early,M,27.8,33.6,715,142,,0.299,,13.765,0,33.58561968,41.19603899,0.249620802,240.9448819
58,14F,14FALC,sample,inornata,ALC,F,high,visited,2016,5/20/2016,may,early,RF,24.4,33,593,138,0.455,12.542,0.702,17.958,20.50209205,244.3235572,314.5211202,33.78201517,354.9122807
57,64D,64DALC,sample,inornata,ALC,M,high,visited,2016,5/20/2016,may,early,M,29.2,37,960,162,,0.076,,14.341,6.689536878,11.72383847,23.1627109,1.508258811,334.6805737
56,31/0C,31/0CALC,sample,inornata,ALC,F,high,visited,2016,5/20/2016,may,early,RF,35.2,41.1,1310,147,1.126,,0.228,13.472,3.121783877,9.438648783,25.53243977,1.050394529,348.422425
55,22/7A,22/7AALC,sample,inornata,ALC,M,high,visited,2016,5/20/2016,may,early,M,24.7,33.6,550,180,,0.077,,19.666,2.572898799,21.27659574,30.63340006,1.791057338,352.8552803
54,76/0B,76/0BALC,sample,inornata,ALC,F,high,visited,2016,5/20/2016,may,early,RF,28.1,*,810,150,0.072,1.788,1.239,12.56,28.16466552,164.6795827,288.8742702,36.44061021,343.7280702
53,26E,26EALC,sample,inornata,ALC,M,high,visited,2016,5/20/2016,may,early,M,20.1,*,355,185,,0.074,,21.619,17.80205656,74.46808511,68.70174435,5.049973698,344.4328553
52,15D,15DALC,sample,inornata,ALC,F,high,visited,2016,5/20/2016,may,early,NRF,24,31.3,483,146,0.735,2.52,0.983,19.535,6.940874036,25.83209141,65.24956829,1.360126249,369.2568449
51,22/8B,22/8BALC,sample,inornata,ALC,M,high,visited,2016,5/20/2016,may,early,M,28.5,*,795,174,,21.501,,12.308,13.11053985,35.38862353,41.1781527,1.97958969,332.9074316
50,10/90A,10/90AALC,sample,inornata,ALC,F,high,visited,2016,5/19/2016,may,early,NRF,24.4,33.7,580,140,0.646,5.992,0.64,23.681,14.01028278,39.74167909,62.61820574,5.629037349,328.0312907
49,22E,22EALC,sample,inornata,ALC,F,high,visited,2016,5/19/2016,may,early,NRF,27.5,*,605,164,0.687,1.742,0.453,17.972,15.42416452,38.9965226,72.77362059,2.249610679,348.8657106
48,102/0B,102/0BALC,sample,inornata,ALC,F,high,visited,2016,5/19/2016,may,early,NRF,28.1,35.4,715,128,0.269,4.381,0.333,15.025,23.45758355,65.0769995,49.74919826,2.821615837,351.5254237
47,43A,43AALC,sample,inornata,ALC,M,high,visited,2016,5/19/2016,may,early,M,32.4,39.1,1160,152,,18.768,,12.093,8.933161954,27.57273122,30.95510438,1.38341359,351.9687093
46,42/8B,42/8BALC,sample,inornata,ALC,F,high,visited,2016,5/19/2016,may,early,RF,29,36.1,910,162,,,,7.731,58.80462725,252.3596622,334.8408848,28.79143927,325.8148631
45,188C,188CALC,sample,inornata,ALC,M,high,visited,2016,5/19/2016,may,early,M,38,45.3,1855,152,,34.444,,11.551,9.897172237,33.65175858,38.21132399,5.013162119,347.9791395
44,92/0B,92/0BALC,sample,inornata,ALC,M,high,visited,2016,5/19/2016,may,early,M,35.1,43.3,1877,139,,31.369,,10.432,14.6529563,50.15197568,50.93651701,8.752487961,346.6492829
43,160C,160CALC,sample,inornata,ALC,M,high,visited,2016,5/19/2016,may,early,M,37.3,48.1,2355,153,,28.084,,9.663,16.32390746,44.29005645,55.86931656,6.437667202,349.1714836
42,93/7A,93/7AALC,sample,inornata,ALC,M,high,visited,2016,5/19/2016,may,early,M,32.8,43.2,1500,178,,27.358,,8.158,27.31362468,42.55319149,50.22161853,4.040663456,347.8612717
41,11/7B,11/7BALC,sample,inornata,ALC,F,high,visited,2016,5/19/2016,may,early,NRF,23,30.9,490,184,0.446,1.727,0.416,10.958,22.87917738,106.8057625,94.07121125,13.21776351,340
40,20/80A,20/80AALC,sample,inornata,ALC,M,high,visited,2016,5/19/2016,may,early,M,27.1,35.8,750,190,,43.731,,11.84,23.84318766,85.75770734,60.37317701,5.958266453,340.655106
39,27/0B,27/0BALC,sample,inornata,ALC,M,high,visited,2016,5/19/2016,may,early,M,30.9,40.5,1230,169,,5.669,,7.809,16.77377892,60.35605732,83.17843866,7.081433922,341.9653179
38,85/7B,85/7BALC,sample,inornata,ALC,F,high,visited,2016,5/19/2016,may,early,RF,27,37.2,782,149,0.613,2.353,0.403,12.032,30.33419023,159.9602583,240.3996382,25.44933119,340.655106
37,122/0A,122/0AALC,sample,inornata,ALC,M,high,visited,2016,5/19/2016,may,early,M,31.5,39.2,1308,163,,4.022,,6.911,17.6092545,52.75727312,79.42522162,4.259818085,343.2755299
36,63/0B,63/0BALC,sample,inornata,ALC,F,high,visited,2016,5/19/2016,may,early,RF,29.9,38.2,960,150,0.085,5.525,0.446,11.899,36.76092545,165.9215102,293.808075,33.02386303,339.344894
35,101/8A,101/8AALC,sample,inornata,ALC,F,high,visited,2016,5/19/2016,may,early,RF,26.2,35.5,705,183,0.438,4.072,0.227,16.717,45.95115681,282.414307,311.0352767,32.91428571,342.6204239
34,28D,28DALC,sample,inornata,ALC,M,high,visited,2016,5/19/2016,may,early,M,23.3,31.7,510,190,,0.071,,13.81,13.75321337,33.21754234,46.36116671,4.739218834,350.4816956
33,117A,117AALC,sample,inornata,ALC,F,high,visited,2016,5/19/2016,may,early,RF,27,36.3,780,153,0.296,1.78,0.393,11.313,56.10539846,335.5688028,452.4298989,32.33900482,343.2755299
32,52/9B,52/9BALC,sample,inornata,ALC,F,high,visited,2016,5/19/2016,may,early,RF,26.1,34.2,730,133,0.068,1.996,0.316,12.5,49.10025707,112.7670144,387.3859058,37.42065276,343.2755299
31,115C,115CALC,sample,inornata,ALC,M,high,visited,2016,5/19/2016,may,early,M,30.4,*,1020,180,,0.076,,8.111,21.97943445,57.75075988,72.91964541,7.574531835,342.6204239
30,75/8B,75/8BALC,sample,inornata,ALC,F,high,visited,2016,5/19/2016,may,early,NRF,25.9,31.5,628,157,0.884,4.177,0.414,11.067,19.40874036,34.02881272,60.64468383,4.698127341,338.6897881
29,51/8A,51/8AALC,sample,inornata,ALC,F,high,visited,2016,5/19/2016,may,early,NRF,30,39.7,1090,164,0.091,6.507,0.224,1.686,15.55269923,22.10630899,41.40284516,1.547779561,340.655106
28,21/0C,21/0CALC,sample,inornata,ALC,F,high,visited,2016,5/19/2016,may,early,RF,26.1,34.5,705,165,0.083,1.772,3.744,12.25,31.23393316,76.25434675,99.49839651,18.23092563,345.2408478
27,3/9B,3/9BALC,sample,inornata,ALC,F,high,visited,2016,5/19/2016,may,early,NRF,22.9,31.9,475,139,0.08,,,7.09,14.39588689,46.44808743,35.9756599,4.054360621,347.8612717
26,24/6A,24/6AALC,sample,inornata,ALC,M,high,visited,2016,5/19/2016,may,early,M,38.5,49.2,2355,158,,0.57,,4.868,22.0437018,47.11246201,81.17672291,3.629748529,347.2061657
25,40/80B,40/80BALC,sample,inornata,ALC,F,high,visited,2016,5/19/2016,may,early,RF,25.3,34.3,702,161,0.065,1.828,0.484,7.939,48.90745501,283.1594635,238.179426,28.94210808,344.5857418
24,20/70A,20/70AALC,sample,inornata,ALC,M,high,visited,2016,5/19/2016,may,early,M,21.8,30.4,435,153,,0.236,,6.671,17.7377892,46.67824577,54.65398913,3.465382558,343.9306358
23,75/9B,75/9BALC,sample,inornata,ALC,F,high,visited,2016,5/19/2016,may,early,RF,27,35.1,717,156,0.07,4.846,1.829,7.769,31.42673522,195.479384,299.7286407,31.270626,339.344894
22,83/0,83/0ALC,sample,inornata,ALC,M,high,visited,2016,5/19/2016,may,early,M,29,38.9,1005,141,,12.487,,6.266,21.85089974,51.67173252,109.9871318,6.519850187,341.9653179
21,14/9A,14/9AALC,sample,inornata,ALC,F,high,visited,2016,5/19/2016,may,early,RF,25,34.2,610,129,0.077,5.966,1.648,5.98,30.9125964,158.2215599,319.6694351,30.17485286,341.9653179
20,10D,10DALC,sample,inornata,ALC,F,high,visited,2016,5/19/2016,may,early,NRF,24.1,32.2,552,164,0.085,6.556,0.206,8.46,12.91773779,46.19970194,85.06701752,5.109042269,340.655106
19,95/8A,95/8AALC,sample,inornata,ALC,M,high,visited,2016,5/19/2016,may,early,M,30,40.1,1073,138,,2.851,,3.645,21.1323239,54.89319424,73.34923115,10.19069021,348.5163776
18,,NA,sample,inornata,ALC,M,high,visited,2016,5/18/2016,may,early,M,,,,162,,33.747,,8.696,0.753138075,39.02554399,67.03543246,2.801300108,296.8503937
17,76C,76CALC,sample,inornata,ALC,M,high,visited,2016,5/18/2016,may,early,M,33,40.6,1640,181,,10.048,,2.774,10.9623431,104.5411542,116.8188148,4.396099675,295.2755906
16,94/0A,94/0AALC,sample,inornata,ALC,M,high,visited,2016,5/18/2016,may,early,M,33.4,40.5,1375,201,,9.496,,13.683,14.30962343,35.00473037,41.23472072,0.679523294,292.1259843
15,35/9B,35/9BALC,sample,inornata,ALC,M,high,visited,2016,5/18/2016,may,early,M,32.4,42.9,1365,168,,15.715,,6.669,16.65271967,95.31693472,122.4663469,4.132611051,295.2755906
14,10/80/90,10/80/90ALC,sample,inornata,ALC,M,high,visited,2016,5/18/2016,may,early,M,28.6,37.8,981,135,,,,1.941,70.54393305,,,38.51094258,
13,10/90B1,10/90B1ALC,sample,inornata,ALC,M,high,visited,2016,5/18/2016,may,early,M,35.2,43.5,1775,163,,22.73,,4.627,18.15899582,57.52780154,57.52780154,2.468472373,276.3779528
12,125C,125CALC,sample,inornata,ALC,M,high,visited,2016,5/18/2016,may,early,M,33.8,42.5,1676,173,,9.469,,9.119,16.31799163,48.33190761,48.33190761,2.357529794,262.2047244
11,54/6,54/6ALC,sample,inornata,ALC,M,high,visited,2016,5/18/2016,may,early,M,32.1,41.5,1045,186,,23.218,,15.24,12.27506427,27.07401888,51.68160513,6.286998395,347.8612717
10,39C,39CALC,sample,inornata,ALC,M,high,visited,2016,5/18/2016,may,early,M,34.5,42.3,1373,151,,21.558,,12.637,44.79434447,99.35419771,115.451032,9.464740503,343.2755299
9,217A,217AALC,sample,inornata,ALC,M,high,visited,2016,5/18/2016,may,early,M,30.5,40.6,1160,172,,0.078,,12.231,8.290488432,62.84153005,58.63004687,4.98576779,347.2061657
8,78C,78CALC,sample,inornata,ALC,M,high,visited,2016,5/18/2016,may,early,M,31.7,39.4,1200,130,,0.076,,4.54,14.20308483,53.15449578,72.03354987,4.109149278,343.9306358
7,9F,9FALC,sample,inornata,ALC,M,high,visited,2016,5/18/2016,may,early,M,33.6,43.5,1565,172,,0.674,,2.544,16.38817481,25.33532042,51.18822465,5.465168539,341.9653179
6,192B,192BALC,sample,inornata,ALC,F,high,visited,2016,5/18/2016,may,early,RF,30.1,37.9,1025,200,0.387,4.802,0.402,12.565,47.10796915,231.7436662,330.4004605,27.68196897,336.0693642
5,193C,193CALC,sample,inornata,ALC,M,high,visited,2016,5/18/2016,may,early,M,32.3,39.2,1435,159,,1.321,,9.712,34.38303342,87.18330849,110.1471918,8.519636169,343.9306358
4,14/8B,14/8BALC,sample,inornata,ALC,M,high,visited,2016,5/18/2016,may,early,M,33.9,43.5,1525,159,,0.071,,3.303,13.56041131,27.07401888,58.87673711,4.259818085,366.8593449
3,149C,149CALC,sample,inornata,ALC,M,high,visited,2016,5/18/2016,may,early,M,33.5,39.1,1322,138,,28.344,,8.878,8.097686375,27.32240437,29.52059863,8.218298555,368.1695568
2,19/0C,19/0CALC,sample,inornata,ALC,M,high,visited,2016,5/18/2016,may,early,M,32,39.7,1278,163,,0.076,,8.407,15.61696658,46.44808743,84.90255736,4.15024077,289.7637795
1,113B,113BALC,sample,inornata,ALC,F,high,visited,2016,5/18/2016,may,early,RF,32.8,40.2,1176,157,0.075,2.508,0.227,10.091,73.77892031,944.3616493,569.2377272,39.48892456,344.4736842
B1016,,,control,,,,,,,,,,,,,,,,,,,,,,,
B1025,,,control,,,,,,,,,,,,,,,,,,,,,,,
B1028,,,control,,,,,,,,,,,,,,,,,,,,,,,
B1031,,,control,,,,,,,,,,,,,,,,,,,,,,,
B111,,,control,,,,,,,,,,,,,,,,,,,,,,,
B112,,,control,,,,,,,,,,,,,,,,,,,,,,,
B1130A,,,control,,,,,,,,,,,,,,,,,,,,,,,
B1130E,,,control,,,,,,,,,,,,,,,,,,,,,,,
B113,,,control,,,,,,,,,,,,,,,,,,,,,,,
B122,,,control,,,,,,,,,,,,,,,,,,,,,,,
B125E,,,control,,,,,,,,,,,,,,,,,,,,,,,
B125H,,,control,,,,,,,,,,,,,,,,,,,,,,,
B127,,,control,,,,,,,,,,,,,,,,,,,,,,,
NTC1,,,control,,,,,,,,,,,,,,,,,,,,,,,
NTC2,,,control,,,,,,,,,,,,,,,,,,,,,,,
NTC3,,,control,,,,,,,,,,,,,,,,,,,,,,,
NTC4,,,control,,,,,,,,,,,,,,,,,,,,,,,
STD,,,control,,,,,,,,,,,,,,,,,,,,,,,
